sample_name,nodes,edges,time
test-data/data/byteweight/elf-x86/gcc_coreutils_32_O1_false.sample,0020628,000265426,0.1652
test-data/data/byteweight/elf-x86/gcc_coreutils_32_O1_whoami.sample,0026448,000308550,0.2038
test-data/data/byteweight/elf-x86/gcc_coreutils_32_O2_whoami.sample,0028272,000352378,0.2827
test-data/data/byteweight/elf-x86/gcc_coreutils_32_O2_fold.sample,0031824,000373916,0.3668
test-data/data/byteweight/elf-x86/gcc_coreutils_32_O0_hostid.sample,0029024,000408336,0.3894
test-data/data/byteweight/elf-x86/gcc_coreutils_32_O1_[.sample,0032844,000438638,0.3976
test-data/data/byteweight/pe-x86/msvs_whatever_32_Ox_7z.sample,0049818,000518462,0.4465
test-data/data/byteweight/elf-x86/gcc_coreutils_32_O1_printf.sample,0045524,000594380,0.4947
test-data/data/byteweight/elf-x86/gcc_coreutils_32_O0_wc.sample,0042864,000584356,0.5026
test-data/data/debian/buster/coreutils/usr_bin_who.sample,0050616,000572650,0.5242
test-data/data/byteweight/elf-x86/gcc_coreutils_32_O1_join.sample,0040816,000563880,0.4646
test-data/data/byteweight/elf-x86/gcc_coreutils_32_O3_runcon.sample,0041244,000529998,0.4209
test-data/data/byteweight/elf-x86/gcc_coreutils_32_O2_base64.sample,0036932,000417074,0.3692
test-data/data/debian/buster/coreutils/usr_bin_arch.sample,0029364,000318088,0.2780
test-data/data/byteweight/elf-x86/gcc_coreutils_32_O3_true.sample,0024068,000286822,0.2164
test-data/data/byteweight/elf-x86/gcc_coreutils_32_O2_nice.sample,0031440,000414470,0.3244
test-data/data/byteweight/elf-x86/gcc_findutils_32_O2_bigram.sample,0010752,000101288,0.0544
test-data/data/byteweight/elf-x86/gcc_coreutils_32_O0_mktemp.sample,0043348,000665026,0.5691
test-data/data/byteweight/elf-x86/gcc_coreutils_32_O2_timeout.sample,0053376,000651510,0.5461
test-data/data/byteweight/pe-x86/msvs_whatever_32_O2_SfxSetup.sample,0082678,000911368,0.8130
test-data/data/byteweight/elf-x86/gcc_coreutils_32_O3_dircolors.sample,0046384,000812298,0.7937
test-data/data/byteweight/elf-x86/gcc_coreutils_32_O0_join.sample,0045452,000693032,0.5663
test-data/data/byteweight/elf-x86/gcc_coreutils_32_O1_factor.sample,0113032,001741506,1.7397
test-data/data/byteweight/pe-x86/msvs_whatever_32_O2_pbc.sample,0009634,000595986,0.5239
test-data/data/byteweight/pe-x86/msvs_whatever_32_O1_hidapi.sample,0009844,000116920,0.0540
test-data/data/byteweight/elf-x86/gcc_coreutils_32_O0_df.sample,0107952,001626948,1.4882
test-data/data/byteweight/elf-x86/gcc_coreutils_32_O3_kill.sample,0040720,000506488,0.3984
test-data/data/byteweight/elf-x86/gcc_coreutils_32_O2_setuidgid.sample,0032924,000424056,0.3359
test-data/data/byteweight/elf-x86/gcc_coreutils_32_O0_dir.sample,0122160,002022818,1.9203
test-data/data/debian/buster/coreutils/usr_bin_sha224sum.sample,0051328,001203726,1.2878
test-data/data/byteweight/elf-x86/gcc_coreutils_32_O3_echo.sample,0026724,000348360,0.2091
test-data/data/byteweight/elf-x86/gcc_coreutils_32_O0_cp.sample,0119968,002203882,2.2095
test-data/data/debian/buster/coreutils/usr_bin_link.sample,0027568,000280578,0.1528
test-data/data/byteweight/elf-x86/gcc_coreutils_32_O2_nl.sample,0102324,001165640,1.1001
test-data/data/byteweight/elf-x86/gcc_coreutils_32_O0_uniq.sample,0040752,000602444,0.4959
test-data/data/byteweight/elf-x86/gcc_coreutils_32_O2_sum.sample,0039632,000444864,0.2939
test-data/data/byteweight/elf-x86/gcc_coreutils_32_O0_uname.sample,0031024,000439326,0.2887
test-data/data/byteweight/elf-x86/gcc_coreutils_32_O3_pr.sample,0078200,001160162,1.2761
test-data/data/byteweight/elf-x86/gcc_coreutils_32_O3_du.sample,0131348,001703166,1.5683
test-data/data/byteweight/elf-x86/gcc_coreutils_32_O0_pr.sample,0066408,001001616,0.7732
test-data/data/byteweight/elf-x86/gcc_coreutils_32_O0_uptime.sample,0043152,000580328,0.4085
test-data/data/byteweight/elf-x86/gcc_coreutils_32_O3_shred.sample,0070572,001186440,0.9507
test-data/data/byteweight/elf-x86/gcc_coreutils_32_O0_od.sample,0073328,001251314,1.0270
test-data/data/debian/buster/coreutils/usr_bin_sha256sum.sample,0051456,001205588,1.1466
test-data/data/byteweight/elf-x86/gcc_coreutils_32_O0_cut.sample,0047472,000677016,0.5352
test-data/data/byteweight/elf-x86/gcc_coreutils_32_O0_mkdir.sample,0056340,000925502,0.8331
test-data/data/byteweight/elf-x86/gcc_coreutils_32_O3_base64.sample,0048176,000611724,0.5064
test-data/data/byteweight/elf-x86/gcc_coreutils_32_O1_tail.sample,0062236,001220280,1.0829
test-data/data/byteweight/elf-x86/gcc_coreutils_32_O3_uname.sample,0038032,000448902,0.4281
test-data/data/byteweight/elf-x86/gcc_coreutils_32_O1_tty.sample,0026320,000312464,0.3625
test-data/data/byteweight/elf-x86/gcc_coreutils_32_O1_sleep.sample,0027760,000349672,0.3237
test-data/data/byteweight/elf-x86/gcc_coreutils_32_O3_expand.sample,0040496,000488172,0.5191
test-data/data/byteweight/elf-x86/gcc_coreutils_32_O0_head.sample,0043952,000609328,0.6389
test-data/data/debian/buster/coreutils/usr_bin_split.sample,0058728,000879840,0.8863
test-data/data/byteweight/elf-x86/gcc_coreutils_32_O0_mknod.sample,0036752,000537392,0.4187
test-data/data/byteweight/elf-x86/gcc_coreutils_32_O0_vdir.sample,0122160,002022720,1.8938
test-data/data/debian/buster/coreutils/usr_bin_cksum.sample,0031436,000302506,0.1795
test-data/data/byteweight/elf-x86/gcc_coreutils_32_O2_cat.sample,0050420,000614460,0.5256
test-data/data/byteweight/elf-x86/gcc_coreutils_32_O2_shred.sample,0056304,000944302,0.8927
test-data/data/debian/buster/coreutils/usr_bin_head.sample,0044836,000489114,0.3477
test-data/data/byteweight/elf-x86/gcc_coreutils_32_O0_timeout.sample,0050912,000730756,0.5466
test-data/data/debian/buster/coreutils/usr_bin_basename.sample,0029132,000323182,0.2009
test-data/data/byteweight/elf-x86/gcc_coreutils_32_O3_mv.sample,0122332,001645584,1.4228
test-data/data/debian/buster/coreutils/usr_bin_expand.sample,0035284,000393354,0.2293
test-data/data/byteweight/elf-x86/gcc_coreutils_32_O3_[.sample,0036940,000482092,0.3207
test-data/data/debian/buster/coreutils/usr_bin_groups.sample,0031432,000325274,0.2008
test-data/data/byteweight/elf-x86/gcc_coreutils_32_O2_csplit.sample,0111260,001232186,1.0087
test-data/data/byteweight/elf-x86/gcc_coreutils_32_O1_seq.sample,0047440,000593170,0.4461
test-data/data/byteweight/elf-x86/gcc_coreutils_32_O1_rmdir.sample,0042896,000517506,0.3990
test-data/data/byteweight/elf-x86/gcc_findutils_32_O1_locate.sample,0057884,000882180,0.7330
test-data/data/byteweight/elf-x86/gcc_findutils_32_O1_xargs.sample,0037268,000597876,0.5200
test-data/data/byteweight/elf-x86/gcc_coreutils_32_O2_printenv.sample,0028464,000341090,0.2444
test-data/data/byteweight/elf-x86/gcc_coreutils_32_O2_yes.sample,0028112,000317598,0.2557
test-data/data/byteweight/elf-x86/gcc_coreutils_32_O0_rmdir.sample,0048816,000841894,0.7035
test-data/data/byteweight/elf-x86/gcc_coreutils_32_O1_head.sample,0039760,000525356,0.5091
test-data/data/debian/buster/coreutils/bin_date.sample,0113336,001541968,1.4925
test-data/data/byteweight/elf-x86/gcc_findutils_32_O0_xargs.sample,0036420,000515768,0.4683
test-data/data/byteweight/elf-x86/gcc_coreutils_32_O2_date.sample,0062224,000906674,0.8882
test-data/data/byteweight/elf-x86/gcc_coreutils_32_O2_sort.sample,0103856,001501314,1.5434
test-data/data/byteweight/elf-x86/gcc_binutils_32_O3_elfedit.sample,0025840,000295206,0.2743
test-data/data/byteweight/elf-x86/gcc_coreutils_32_O2_chown.sample,0061476,000803538,0.9758
test-data/data/byteweight/elf-x86/gcc_coreutils_32_O1_kill.sample,0030832,000392434,0.3669
test-data/data/byteweight/elf-x86/gcc_coreutils_32_O2_true.sample,0021988,000266414,0.1885
test-data/data/debian/buster/coreutils/bin_cp.sample,0152128,002257132,2.2731
test-data/data/byteweight/elf-x86/gcc_coreutils_32_O1_df.sample,0099148,001356790,1.2197
test-data/data/debian/buster/coreutils/bin_uname.sample,0029364,000318074,0.1470
test-data/data/debian/buster/php7.3-common/usr_lib_php_20180731_phar.so.sample,0295048,007424844,9.3929
test-data/data/byteweight/elf-x86/gcc_coreutils_32_O0_ptx.sample,0146668,001908102,1.9332
test-data/data/debian/buster/coreutils/bin_pwd.sample,0031576,000339858,0.2016
test-data/data/byteweight/elf-x86/gcc_coreutils_32_O2_id.sample,0035760,000445774,0.3081
test-data/data/debian/buster/coreutils/usr_bin_logname.sample,0027360,000277314,0.1459
test-data/data/byteweight/elf-x86/gcc_coreutils_32_O2_nproc.sample,0030544,000360430,0.2221
test-data/data/debian/buster/php7.3-common/usr_lib_php_20180731_ftp.so.sample,0054700,000549424,0.4826
test-data/data/debian/buster/coreutils/bin_sleep.sample,0029180,000314368,0.1871
test-data/data/debian/buster/php7.3-common/usr_lib_php_20180731_posix.so.sample,0027272,000287892,0.1793
test-data/data/byteweight/elf-x86/gcc_coreutils_32_O0_csplit.sample,0132380,001725550,1.7407
test-data/data/debian/buster/coreutils/usr_bin_numfmt.sample,0061856,001033820,0.9434
test-data/data/byteweight/elf-x86/gcc_coreutils_32_O3_od.sample,0080112,001241512,1.2838
test-data/data/debian/buster/coreutils/bin_echo.sample,0030144,000338344,0.2049
test-data/data/byteweight/elf-x86/gcc_coreutils_32_O0_groups.sample,0033700,000486740,0.4371
test-data/data/debian/buster/coreutils/usr_bin_base64.sample,0038316,000397612,0.2428
test-data/data/debian/buster/php7.3-common/usr_lib_php_20180731_sockets.so.sample,0087568,001429952,1.5630
test-data/data/byteweight/elf-x86/gcc_coreutils_32_O0_chmod.sample,0060884,000834502,0.7949
test-data/data/byteweight/elf-x86/gcc_coreutils_32_O1_chgrp.sample,0055316,000700602,0.6090
test-data/data/debian/buster/php7.3-common/usr_lib_php_20180731_iconv.so.sample,0037204,000531680,0.3931
test-data/data/byteweight/elf-x86/gcc_coreutils_32_O3_chmod.sample,0065784,000814802,0.7413
test-data/data/debian/buster/libpopt0/usr_lib_i386-linux-gnu_libpopt.so.0.0.0.sample,0049512,000484486,0.3831
test-data/data/byteweight/elf-x86/gcc_coreutils_32_O1_od.sample,0065780,001034332,0.9649
test-data/data/debian/buster/coreutils/usr_bin_sort.sample,0118676,001563976,1.4079
test-data/data/byteweight/elf-x86/gcc_coreutils_32_O0_tee.sample,0031728,000453428,0.4138
test-data/data/byteweight/elf-x86/gcc_coreutils_32_O0_sum.sample,0039664,000556958,0.3815
test-data/data/byteweight/elf-x86/gcc_binutils_32_O3_ar.sample,1029680,011847802,13.2724
test-data/data/byteweight/elf-x86/gcc_coreutils_32_O0_cksum.sample,0032840,000458814,0.3078
test-data/data/debian/buster/coreutils/bin_df.sample,0091812,001026084,0.8918
test-data/data/byteweight/elf-x86/gcc_coreutils_32_O2_mkfifo.sample,0031120,000400918,0.3113
test-data/data/byteweight/elf-x86/gcc_coreutils_32_O1_pwd.sample,0031504,000426850,0.3354
test-data/data/byteweight/pe-x86/msvs_whatever_32_Ox_psftp.sample,0498552,010113956,12.0749
test-data/data/byteweight/elf-x86/gcc_coreutils_32_O1_pathchk.sample,0028176,000370594,0.2707
test-data/data/debian/buster/coreutils/usr_bin_[.sample,0051432,000541038,0.4172
test-data/data/byteweight/elf-x86/gcc_coreutils_32_O1_nohup.sample,0030032,000407022,0.2524
test-data/data/byteweight/elf-x86/gcc_coreutils_32_O2_dircolors.sample,0038032,000709090,0.6496
test-data/data/byteweight/elf-x86/gcc_coreutils_32_O0_users.sample,0030832,000432984,0.3805
test-data/data/debian/buster/coreutils/usr_bin_stat.sample,0083104,001007270,0.8526
test-data/data/byteweight/elf-x86/gcc_coreutils_32_O3_printf.sample,0049104,000598994,0.5009
test-data/data/byteweight/elf-x86/gcc_binutils_32_O1_nm-new.sample,0875180,010883662,11.4773
test-data/data/byteweight/elf-x86/gcc_coreutils_32_O1_mv.sample,0105852,001427240,1.1876
test-data/data/byteweight/elf-x86/gcc_binutils_32_O3_strings.sample,0995688,011290376,12.6283
test-data/data/byteweight/elf-x86/gcc_binutils_32_O1_cxxfilt.sample,0895008,010877390,12.1156
test-data/data/byteweight/elf-x86/gcc_coreutils_32_O1_setuidgid.sample,0030864,000400044,0.3061
test-data/data/byteweight/elf-x86/gcc_coreutils_32_O0_echo.sample,0025176,000318304,0.1969
test-data/data/byteweight/elf-x86/gcc_coreutils_32_O3_sleep.sample,0037936,000504038,0.4298
test-data/data/byteweight/elf-x86/gcc_coreutils_32_O1_readlink.sample,0039632,000491854,0.4263
test-data/data/byteweight/elf-x86/gcc_coreutils_32_O3_mknod.sample,0047280,000648450,0.4970
test-data/data/byteweight/elf-x86/gcc_coreutils_32_O3_rmdir.sample,0051248,000589134,0.4381
test-data/data/byteweight/elf-x86/gcc_binutils_32_O3_objcopy.sample,1212184,014742700,16.6859
test-data/data/byteweight/pe-x86/msvs_whatever_32_O2_pageant.sample,0251748,003465100,3.3788
test-data/data/byteweight/elf-x86/gcc_coreutils_32_O2_basename.sample,0029420,000367598,0.3887
test-data/data/byteweight/elf-x86/gcc_coreutils_32_O1_yes.sample,0026320,000314430,0.2820
test-data/data/byteweight/elf-x86/gcc_coreutils_32_O3_tr.sample,0067168,001139580,1.1007
test-data/data/byteweight/elf-x86/gcc_coreutils_32_O0_false.sample,0022660,000290776,0.1305
test-data/data/byteweight/elf-x86/gcc_coreutils_32_O2_mv.sample,0109468,001485866,1.5475
test-data/data/byteweight/elf-x86/gcc_findutils_32_O2_locate.sample,0060324,000844260,0.6374
test-data/data/byteweight/elf-x86/gcc_coreutils_32_O0_chgrp.sample,0063860,000866112,0.7473
test-data/data/byteweight/elf-x86/gcc_coreutils_32_O2_shuf.sample,0047924,000543784,0.4103
test-data/data/byteweight/elf-x86/gcc_binutils_32_O0_gprof.sample,1128756,016725190,18.5470
test-data/data/byteweight/elf-x86/gcc_coreutils_32_O2_tr.sample,0055184,000922046,0.7145
test-data/data/byteweight/elf-x86/gcc_coreutils_32_O0_dd.sample,0066952,001108624,0.8538
test-data/data/byteweight/elf-x86/gcc_coreutils_32_O0_rm.sample,0064532,001011838,0.8197
test-data/data/byteweight/elf-x86/gcc_coreutils_32_O2_vdir.sample,0115984,001881002,1.6634
test-data/data/byteweight/elf-x86/gcc_coreutils_32_O2_mknod.sample,0036048,000451782,0.4015
test-data/data/byteweight/elf-x86/gcc_binutils_32_O3_readelf.sample,0415988,006517100,6.6786
test-data/data/byteweight/elf-x86/gcc_coreutils_32_O3_dir.sample,0141168,002250644,2.2647
test-data/data/byteweight/elf-x86/gcc_coreutils_32_O3_logname.sample,0036336,000416916,0.3877
test-data/data/byteweight/elf-x86/gcc_binutils_32_O1_ranlib.sample,0891832,011141224,11.7002
test-data/data/byteweight/elf-x86/gcc_findutils_32_O3_find.sample,0185484,003191084,3.2944
test-data/data/byteweight/elf-x86/gcc_binutils_32_O2_nm-new.sample,0911208,010297776,10.0671
test-data/data/byteweight/elf-x86/gcc_coreutils_32_O0_dirname.sample,0029808,000427884,0.3570
test-data/data/byteweight/elf-x86/gcc_coreutils_32_O3_df.sample,0117336,001468432,1.5668
test-data/data/byteweight/elf-x86/gcc_coreutils_32_O1_make-prime-list.sample,0004936,000046020,0.0444
test-data/data/byteweight/elf-x86/gcc_binutils_32_O2_strings.sample,0900116,010096886,9.8286
test-data/data/byteweight/elf-x86/gcc_coreutils_32_O2_uptime.sample,0039440,000465878,0.4387
test-data/data/byteweight/elf-x86/gcc_coreutils_32_O1_wc.sample,0038736,000484670,0.4259
test-data/data/byteweight/elf-x86/gcc_coreutils_32_O1_expand.sample,0030224,000380650,0.2893
test-data/data/byteweight/pe-x86/msvs_whatever_32_O2_pscp.sample,0488668,009401186,10.9498
test-data/data/byteweight/elf-x86/gcc_coreutils_32_O0_env.sample,0030576,000428146,0.3260
test-data/data/byteweight/elf-x86/gcc_coreutils_32_O2_stdbuf.sample,0064936,000766674,0.6326
test-data/data/byteweight/elf-x86/gcc_coreutils_32_O3_expr.sample,0128244,001471302,1.2765
test-data/data/byteweight/elf-x86/gcc_coreutils_32_O3_chgrp.sample,0070152,000861894,0.6646
test-data/data/byteweight/elf-x86/gcc_coreutils_32_O0_sleep.sample,0030896,000463796,0.3192
test-data/data/byteweight/elf-x86/gcc_coreutils_32_O3_tsort.sample,0048048,001190416,1.2659
test-data/data/byteweight/elf-x86/gcc_coreutils_32_O3_nohup.sample,0040272,000561092,0.5251
test-data/data/byteweight/elf-x86/gcc_coreutils_32_O2_uname.sample,0029744,000361346,0.3021
test-data/data/byteweight/elf-x86/gcc_coreutils_32_O0_expr.sample,0121524,001622596,1.4880
test-data/data/byteweight/elf-x86/gcc_binutils_32_O0_sysinfo.sample,0020308,000260464,0.1504
test-data/data/byteweight/elf-x86/gcc_coreutils_32_O2_pinky.sample,0036656,000448906,0.3269
test-data/data/byteweight/pe-x86/msvs_whatever_32_Od_readmsg.sample,0013770,000197426,0.0972
test-data/data/byteweight/elf-x86/gcc_binutils_32_O0_as-new.sample,1646312,025921190,29.9483
test-data/data/byteweight/elf-x86/gcc_coreutils_32_O2_factor.sample,0113384,001673842,1.5050
test-data/data/byteweight/elf-x86/gcc_coreutils_32_O0_ls.sample,0122160,002022622,1.8987
test-data/data/byteweight/elf-x86/gcc_binutils_32_O2_objcopy.sample,1084984,012935684,13.4415
test-data/data/byteweight/elf-x86/gcc_coreutils_32_O1_truncate.sample,0051336,000715118,0.6011
test-data/data/byteweight/elf-x86/gcc_coreutils_32_O1_sha1sum.sample,0040848,000664054,0.5322
test-data/data/byteweight/elf-x86/gcc_coreutils_32_O2_cut.sample,0043536,000563256,0.4287
test-data/data/byteweight/elf-x86/gcc_coreutils_32_O0_setuidgid.sample,0034768,000531202,0.4926
test-data/data/byteweight/elf-x86/gcc_coreutils_32_O1_echo.sample,0023172,000307292,0.2184
test-data/data/byteweight/elf-x86/gcc_findutils_32_O1_frcode.sample,0014912,000177640,0.0776
test-data/data/byteweight/elf-x86/gcc_coreutils_32_O0_ln.sample,0060436,000874838,0.7244
test-data/data/byteweight/elf-x86/gcc_coreutils_32_O1_touch.sample,0057780,000773758,0.6597
test-data/data/byteweight/elf-x86/gcc_coreutils_32_O3_chown.sample,0072244,000942788,0.7919
test-data/data/byteweight/elf-x86/gcc_coreutils_32_O0_id.sample,0037496,000558944,0.4556
test-data/data/byteweight/elf-x86/gcc_coreutils_32_O2_mktemp.sample,0040340,000531642,0.4285
test-data/data/byteweight/elf-x86/gcc_coreutils_32_O1_cksum.sample,0029736,000333902,0.2173
test-data/data/byteweight/elf-x86/gcc_coreutils_32_O0_comm.sample,0036496,000541452,0.4982
test-data/data/byteweight/elf-x86/gcc_binutils_32_O3_size.sample,0998388,011360134,11.4323
test-data/data/byteweight/elf-x86/gcc_binutils_32_O2_ar.sample,0928296,010509118,10.1698
test-data/data/byteweight/elf-x86/gcc_coreutils_32_O0_fmt.sample,0071152,000954562,0.6565
test-data/data/byteweight/elf-x86/gcc_coreutils_32_O0_runcon.sample,0033720,000528334,0.3539
test-data/data/byteweight/elf-x86/gcc_coreutils_32_O2_kill.sample,0032432,000411392,0.2964
test-data/data/byteweight/elf-x86/gcc_coreutils_32_O1_tac.sample,0099660,001129264,0.9997
test-data/data/byteweight/elf-x86/gcc_coreutils_32_O1_realpath.sample,0058448,000724800,0.5335
test-data/data/byteweight/elf-x86/gcc_binutils_32_O0_size.sample,1052436,014561028,15.7572
test-data/data/byteweight/elf-x86/gcc_coreutils_32_O3_setuidgid.sample,0041816,000526824,0.4003
test-data/data/byteweight/elf-x86/gcc_coreutils_32_O0_sha256sum.sample,0054188,003106252,3.1843
test-data/data/byteweight/elf-x86/gcc_coreutils_32_O1_true.sample,0020628,000245484,0.1082
test-data/data/byteweight/elf-x86/gcc_coreutils_32_O2_sha256sum.sample,0049608,001795464,1.8879
test-data/data/byteweight/elf-x86/gcc_coreutils_32_O3_nproc.sample,0039408,000461906,0.2943
test-data/data/byteweight/elf-x86/gcc_coreutils_32_O3_uptime.sample,0047984,000567086,0.4016
test-data/data/byteweight/elf-x86/gcc_coreutils_32_O2_ptx.sample,0127580,001502824,1.3549
test-data/data/byteweight/elf-x86/gcc_coreutils_32_O3_who.sample,0060688,000711052,0.5400
test-data/data/byteweight/pe-x86/msvs_whatever_32_O1_psftp.sample,0458058,009486858,10.4676
test-data/data/debian/buster/coreutils/usr_bin_sha1sum.sample,0044840,000755560,0.6327
test-data/data/byteweight/elf-x86/gcc_coreutils_32_O0_shred.sample,0058440,000937810,0.7673
test-data/data/byteweight/elf-x86/gcc_coreutils_32_O3_vdir.sample,0141168,002250594,2.1334
test-data/data/byteweight/elf-x86/gcc_binutils_32_O1_size.sample,0866356,010594298,10.5416
test-data/data/byteweight/elf-x86/gcc_coreutils_32_O1_hostid.sample,0026160,000347950,0.3133
test-data/data/debian/buster/coreutils/usr_bin_truncate.sample,0037800,000485096,0.4284
test-data/data/byteweight/elf-x86/gcc_coreutils_32_O0_nice.sample,0032400,000481792,0.4031
test-data/data/byteweight/elf-x86/gcc_findutils_32_O1_code.sample,0015488,000181222,0.1726
test-data/data/byteweight/elf-x86/gcc_coreutils_32_O3_make-prime-list.sample,0005640,000052420,0.0222
test-data/data/debian/buster/coreutils/usr_bin_tty.sample,0027344,000277802,0.1773
test-data/data/byteweight/elf-x86/gcc_coreutils_32_O0_sha512sum.sample,0128496,015738506,30.2120
test-data/data/byteweight/elf-x86/gcc_coreutils_32_O2_logname.sample,0028048,000343224,0.2993
test-data/data/debian/buster/coreutils/bin_rmdir.sample,0039344,000393856,0.2267
test-data/data/byteweight/elf-x86/gcc_coreutils_32_O0_basename.sample,0030736,000475436,0.3193
test-data/data/debian/buster/coreutils/usr_bin_fold.sample,0034212,000352470,0.2026
test-data/data/byteweight/elf-x86/gcc_coreutils_32_O1_csplit.sample,0103344,001221944,0.9242
test-data/data/byteweight/elf-x86/gcc_coreutils_32_O2_touch.sample,0059300,000747650,0.6078
test-data/data/byteweight/elf-x86/gcc_coreutils_32_O0_numfmt.sample,0071760,001319882,1.1503
test-data/data/byteweight/elf-x86/gcc_coreutils_32_O3_pwd.sample,0041960,000549848,0.3989
test-data/data/debian/buster/coreutils/usr_bin_shred.sample,0063704,001079258,0.9694
test-data/data/byteweight/elf-x86/gcc_coreutils_32_O1_printenv.sample,0026736,000345998,0.2457
test-data/data/byteweight/elf-x86/gcc_coreutils_32_O3_tac.sample,0130008,001495564,1.1325
test-data/data/debian/buster/coreutils/usr_bin_paste.sample,0032144,000337734,0.2574
test-data/data/byteweight/elf-x86/gcc_coreutils_32_O0_tsort.sample,0034384,000516376,0.3675
test-data/data/byteweight/elf-x86/gcc_coreutils_32_O1_comm.sample,0032720,000432476,0.2353
test-data/data/byteweight/elf-x86/gcc_coreutils_32_O1_users.sample,0027760,000325342,0.2047
test-data/data/byteweight/elf-x86/gcc_coreutils_32_O1_runcon.sample,0031024,000429486,0.2303
test-data/data/debian/buster/coreutils/usr_bin_tac.sample,0044320,000480734,0.5115
test-data/data/byteweight/elf-x86/gcc_coreutils_32_O2_unexpand.sample,0033020,000395244,0.2387
test-data/data/byteweight/elf-x86/gcc_coreutils_32_O2_mkdir.sample,0049224,000553734,0.4701
test-data/data/byteweight/elf-x86/gcc_coreutils_32_O3_false.sample,0024068,000310352,0.1933
test-data/data/byteweight/elf-x86/gcc_coreutils_32_O1_ginstall.sample,0127000,001823022,1.7398
test-data/data/debian/buster/coreutils/bin_dd.sample,0081044,001089020,1.0034
test-data/data/byteweight/elf-x86/gcc_coreutils_32_O3_paste.sample,0039792,000480258,0.3179
test-data/data/debian/buster/coreutils/usr_bin_unexpand.sample,0036100,000408396,0.3307
test-data/data/debian/buster/coreutils/bin_chmod.sample,0059040,000639922,0.4661
test-data/data/debian/buster/coreutils/usr_bin_tsort.sample,0033220,000337498,0.2075
test-data/data/debian/buster/coreutils/usr_bin_users.sample,0029320,000297792,0.1561
test-data/data/debian/buster/coreutils/usr_bin_env.sample,0033612,000421464,0.3236
test-data/data/debian/buster/coreutils/bin_mkdir.sample,0081916,000819446,0.6708
test-data/data/byteweight/elf-x86/gcc_findutils_32_O1_oldfind.sample,0153420,002931658,2.9468
test-data/data/byteweight/pe-x86/msvs_whatever_32_Ox_hidapi.sample,0010740,000187744,0.2139
test-data/data/debian/buster/coreutils/usr_bin_md5sum.sample,0042164,000567310,0.5185
test-data/data/debian/buster/coreutils/usr_bin_du.sample,0114088,001326132,1.4129
test-data/data/debian/buster/coreutils/usr_bin_csplit.sample,0052512,000632690,0.5424
test-data/data/debian/buster/coreutils/usr_bin_fmt.sample,0072704,000733616,0.6725
test-data/data/debian/buster/coreutils/bin_ln.sample,0069484,000779992,0.6859
test-data/data/debian/buster/coreutils/usr_bin_pathchk.sample,0029340,000317802,0.2132
test-data/data/byteweight/pe-x86/msvs_whatever_32_Ox_plink.sample,0457404,008647158,10.2103
test-data/data/debian/buster/coreutils/usr_bin_tee.sample,0033432,000393976,0.2750
test-data/data/debian/buster/coreutils/usr_bin_yes.sample,0028088,000283332,0.1710
test-data/data/byteweight/pe-x86/msvs_whatever_32_O1_7z.sample,0045314,000520684,0.4097
test-data/data/debian/buster/coreutils/usr_bin_printenv.sample,0027812,000293798,0.1952
test-data/data/byteweight/elf-x86/gcc_coreutils_32_O3_printenv.sample,0036752,000449916,0.3579
test-data/data/debian/buster/coreutils/usr_bin_stdbuf.sample,0046828,000500530,0.4382
test-data/data/byteweight/elf-x86/gcc_binutils_32_O3_ld-new.sample,1823316,040480840,49.8572
test-data/data/debian/buster/coreutils/usr_lib_i386-linux-gnu_coreutils_libstdbuf.so.sample,0003028,000026198,0.0140
test-data/data/byteweight/elf-x86/gcc_coreutils_32_O1_mkfifo.sample,0029304,000351378,0.2749
test-data/data/byteweight/elf-x86/gcc_coreutils_32_O0_unlink.sample,0029256,000403916,0.2945
test-data/data/byteweight/elf-x86/gcc_coreutils_32_O1_base64.sample,0033968,000409672,0.2896
test-data/data/debian/buster/coreutils/usr_bin_factor.sample,0091740,001149840,0.9639
test-data/data/debian/buster/coreutils/bin_false.sample,0026864,000279812,0.1851
test-data/data/byteweight/elf-x86/gcc_coreutils_32_O0_cat.sample,0048296,000672614,0.5916
test-data/data/byteweight/elf-x86/gcc_coreutils_32_O0_link.sample,0029448,000417930,0.2951
test-data/data/byteweight/elf-x86/gcc_coreutils_32_O1_expr.sample,0093460,001074190,0.8941
test-data/data/byteweight/elf-x86/gcc_coreutils_32_O0_realpath.sample,0060232,000808706,0.7192
test-data/data/byteweight/elf-x86/gcc_coreutils_32_O1_cut.sample,0042000,000569962,0.4232
test-data/data/debian/buster/coreutils/usr_bin_install.sample,0169404,002382708,2.3625
test-data/data/debian/buster/coreutils/bin_rm.sample,0067172,000940166,0.8245
test-data/data/debian/buster/coreutils/usr_bin_whoami.sample,0027508,000285400,0.1665
test-data/data/byteweight/elf-x86/gcc_coreutils_32_O3_tail.sample,0082564,001452386,1.3958
test-data/data/byteweight/elf-x86/gcc_coreutils_32_O0_yes.sample,0029196,000413458,0.2920
test-data/data/byteweight/elf-x86/gcc_binutils_32_O0_ar.sample,1080256,015057880,16.7319
test-data/data/debian/buster/coreutils/bin_touch.sample,0099848,001221366,1.0381
test-data/data/debian/buster/vim/usr_bin_vim.basic.sample,3035352,035109788,46.7060
test-data/data/llvm/RelWithDebInfo/llvm-tblgen.sample,2095011,038086026,59.1942
test-data/data/byteweight/elf-x86/gcc_coreutils_32_O1_md5sum.sample,0038704,000595564,0.4888
test-data/data/byteweight/elf-x86/gcc_coreutils_32_O1_env.sample,0027472,000340334,0.2765
test-data/data/byteweight/elf-x86/gcc_coreutils_32_O1_numfmt.sample,0064656,000976350,1.0247
test-data/data/debian/buster/coreutils/usr_bin_ptx.sample,0075056,000881932,0.7287
test-data/data/byteweight/elf-x86/gcc_coreutils_32_O3_env.sample,0037572,000448458,0.3584
test-data/data/debian/buster/coreutils/usr_bin_nohup.sample,0031496,000356702,0.2649
test-data/data/byteweight/elf-x86/gcc_coreutils_32_O0_pinky.sample,0037892,000529584,0.4105
test-data/data/byteweight/elf-x86/gcc_coreutils_32_O2_link.sample,0028272,000341090,0.2640
test-data/data/byteweight/elf-x86/gcc_coreutils_32_O3_rm.sample,0070224,000907838,0.8184
test-data/data/debian/buster/coreutils/usr_bin_printf.sample,0048972,000549226,0.4104
test-data/data/byteweight/elf-x86/gcc_coreutils_32_O1_id.sample,0033860,000453096,0.3414
test-data/data/byteweight/elf-x86/gcc_coreutils_32_O3_timeout.sample,0061796,000739954,0.5636
test-data/data/byteweight/elf-x86/gcc_coreutils_32_O3_cat.sample,0058952,000703832,0.6561
test-data/data/debian/buster/coreutils/bin_mknod.sample,0070188,000723908,0.6705
test-data/data/byteweight/elf-x86/gcc_coreutils_32_O1_ln.sample,0053340,000745190,0.6779
test-data/data/byteweight/elf-x86/gcc_coreutils_32_O2_cksum.sample,0031504,000356474,0.2312
test-data/data/debian/buster/coreutils/usr_bin_hostid.sample,0027244,000273232,0.2367
test-data/data/byteweight/elf-x86/gcc_coreutils_32_O1_unexpand.sample,0031152,000397274,0.2982
test-data/data/byteweight/elf-x86/gcc_coreutils_32_O0_seq.sample,0054052,000927204,0.8185
test-data/data/byteweight/pe-x86/msvs_whatever_32_Od_hidapi.sample,0012804,000208532,0.1127
test-data/data/byteweight/elf-x86/gcc_coreutils_32_O3_dirname.sample,0036960,000459080,0.3897
test-data/data/debian/buster/coreutils/usr_bin_test.sample,0048376,000499334,0.3906
test-data/data/debian/buster/coreutils/usr_bin_pr.sample,0078128,000858712,0.6953
test-data/data/byteweight/elf-x86/gcc_coreutils_32_O2_stat.sample,0073588,000956690,1.0056
test-data/data/debian/buster/coreutils/usr_bin_cut.sample,0040280,000544616,0.3920
test-data/data/byteweight/elf-x86/gcc_coreutils_32_O2_users.sample,0029640,000337834,0.3063
test-data/data/debian/buster/coreutils/usr_bin_runcon.sample,0031560,000385816,0.2619
test-data/data/debian/buster/coreutils/usr_bin_expr.sample,0049732,000583636,0.4873
test-data/data/debian/buster/coreutils/usr_bin_id.sample,0039580,000490550,0.3987
test-data/data/byteweight/elf-x86/gcc_coreutils_32_O0_date.sample,0069488,001080396,1.1314
test-data/data/byteweight/elf-x86/gcc_findutils_32_O0_oldfind.sample,0170444,002858076,2.8344
test-data/data/byteweight/elf-x86/gcc_coreutils_32_O1_fold.sample,0029716,000347020,0.3296
test-data/data/debian/buster/coreutils/usr_bin_nl.sample,0041464,000534630,0.4125
test-data/data/debian/buster/coreutils/usr_bin_wc.sample,0044696,000471018,0.3552
test-data/data/byteweight/elf-x86/gcc_coreutils_32_O0_truncate.sample,0050516,000715548,0.6064
test-data/data/byteweight/elf-x86/gcc_coreutils_32_O3_head.sample,0054080,000719800,0.6685
test-data/data/byteweight/elf-x86/gcc_coreutils_32_O1_cat.sample,0048904,000633316,0.4919
test-data/data/byteweight/elf-x86/gcc_binutils_32_O2_objdump.sample,1485232,018366340,19.9570
test-data/data/byteweight/elf-x86/gcc_coreutils_32_O1_dircolors.sample,0036368,000687982,0.6042
test-data/data/byteweight/elf-x86/gcc_coreutils_32_O2_dirname.sample,0028656,000357924,0.2591
test-data/data/byteweight/elf-x86/gcc_coreutils_32_O2_wc.sample,0040624,000490986,0.4213
test-data/data/byteweight/elf-x86/gcc_coreutils_32_O2_rm.sample,0059700,000779358,0.6946
test-data/data/byteweight/elf-x86/gcc_coreutils_32_O3_tty.sample,0036368,000421866,0.3058
test-data/data/byteweight/elf-x86/gcc_coreutils_32_O1_test.sample,0029892,000392462,0.3310
test-data/data/byteweight/elf-x86/gcc_coreutils_32_O3_sort.sample,0126988,001924642,1.8753
test-data/data/byteweight/elf-x86/gcc_coreutils_32_O2_tail.sample,0066356,001229412,1.0941
test-data/data/byteweight/elf-x86/gcc_coreutils_32_O1_shuf.sample,0045156,000547900,0.3800
test-data/data/debian/buster/coreutils/bin_dir.sample,0147564,002994458,3.3437
test-data/data/debian/buster/coreutils/bin_mktemp.sample,0040560,000493392,0.4310
test-data/data/byteweight/elf-x86/gcc_binutils_32_O0_ld-new.sample,1896792,046024674,59.1004
test-data/data/byteweight/elf-x86/gcc_coreutils_32_O0_tail.sample,0072656,001338090,1.4092
test-data/data/byteweight/elf-x86/gcc_coreutils_32_O3_unlink.sample,0036464,000433930,0.3429
test-data/data/byteweight/pe-x86/msvs_whatever_32_Ox_SfxSetup.sample,0082678,000911442,0.8103
test-data/data/byteweight/elf-x86/gcc_coreutils_32_O1_date.sample,0061040,000927980,0.7699
test-data/data/byteweight/elf-x86/gcc_coreutils_32_O2_test.sample,0031428,000382606,0.2410
test-data/data/byteweight/elf-x86/gcc_binutils_32_O0_objdump.sample,1686864,023609778,27.2647
test-data/data/byteweight/elf-x86/gcc_coreutils_32_O3_split.sample,0083864,001180562,0.9975
test-data/data/debian/buster/coreutils/bin_ls.sample,0147564,002994386,3.3403
test-data/data/byteweight/elf-x86/gcc_coreutils_32_O0_sha1sum.sample,0046768,001526584,1.5072
test-data/data/debian/buster/coreutils/usr_bin_uniq.sample,0042240,000597702,0.4468
test-data/data/debian/buster/coreutils/usr_bin_realpath.sample,0043920,000475502,0.3983
test-data/data/byteweight/elf-x86/gcc_coreutils_32_O3_ptx.sample,0155976,001791364,1.6791
test-data/data/debian/buster/coreutils/usr_bin_base32.sample,0038620,000406494,0.3488
test-data/data/byteweight/elf-x86/gcc_coreutils_32_O0_paste.sample,0032784,000478786,0.4293
test-data/data/debian/buster/coreutils/usr_bin_seq.sample,0045136,000505980,0.3991
test-data/data/debian/buster/libxcb1/usr_lib_i386-linux-gnu_libxcb.so.1.1.0.sample,0172228,006994554,14.4859
test-data/data/byteweight/elf-x86/gcc_coreutils_32_O1_mktemp.sample,0038356,000533676,0.3737
test-data/data/debian/buster/coreutils/usr_bin_mkfifo.sample,0064772,000656406,0.5524
test-data/data/byteweight/elf-x86/gcc_coreutils_32_O3_unexpand.sample,0041304,000507532,0.4467
test-data/data/debian/buster/coreutils/bin_readlink.sample,0042100,000469192,0.3733
test-data/data/debian/buster/coreutils/bin_sync.sample,0029008,000310348,0.2067
test-data/data/byteweight/elf-x86/gcc_coreutils_32_O0_shuf.sample,0053412,000717036,0.6219
test-data/data/debian/buster/coreutils/usr_bin_shuf.sample,0057444,000601044,0.5041
test-data/data/byteweight/elf-x86/gcc_coreutils_32_O0_printf.sample,0050608,000868958,0.7321
test-data/data/debian/buster/okular/usr_lib_i386-linux-gnu_qt5_plugins_okular_generators_okularGenerator_fb.so.sample,0101868,002088430,2.3889
test-data/data/byteweight/elf-x86/gcc_coreutils_32_O2_getlimits.sample,0049064,000555486,0.5033
test-data/data/byteweight/pe-x86/msvs_whatever_32_Od_libsodium.sample,0535820,029886926,48.4782
test-data/data/byteweight/elf-x86/gcc_coreutils_32_O1_sort.sample,0096852,001521188,1.5398
test-data/data/byteweight/pe-x86/msvs_whatever_32_Od_7z.sample,0069210,001385952,1.1643
test-data/data/byteweight/elf-x86/gcc_binutils_32_O1_gprof.sample,0932436,012782798,13.0790
test-data/data/byteweight/elf-x86/gcc_findutils_32_O0_code.sample,0016448,000196514,0.1202
test-data/data/byteweight/elf-x86/gcc_coreutils_32_O1_fmt.sample,0067088,000684908,0.4912
test-data/data/debian/buster/coreutils/usr_bin_sha512sum.sample,0098328,033349616,65.6217
test-data/data/debian/buster/coreutils/usr_bin_join.sample,0045332,000564578,0.3208
test-data/data/debian/buster/coreutils/usr_bin_comm.sample,0037168,000435352,0.2324
test-data/data/debian/buster/coreutils/bin_mv.sample,0150452,002105344,1.8624
test-data/data/debian/buster/coreutils/usr_bin_dirname.sample,0028272,000291952,0.1719
test-data/data/byteweight/elf-x86/gcc_binutils_32_O0_ranlib.sample,1080256,014982104,15.3906
test-data/data/byteweight/elf-x86/gcc_binutils_32_O3_nm-new.sample,1007444,011615412,11.7170
test-data/data/byteweight/elf-x86/gcc_coreutils_32_O1_uname.sample,0028016,000352024,0.2708
test-data/data/debian/buster/coreutils/bin_chgrp.sample,0065140,000730142,0.6126
test-data/data/debian/buster/coreutils/usr_sbin_chroot.sample,0037400,000400362,0.2823
test-data/data/byteweight/elf-x86/gcc_coreutils_32_O3_sum.sample,0053804,000671390,0.5338
test-data/data/byteweight/elf-x86/gcc_coreutils_32_O1_chroot.sample,0032144,000376794,0.2875
test-data/data/debian/buster/coreutils/usr_bin_tr.sample,0056424,000842238,0.9177
test-data/data/byteweight/elf-x86/gcc_coreutils_32_O2_split.sample,0071176,000998976,0.8561
test-data/data/byteweight/elf-x86/gcc_coreutils_32_O3_nice.sample,0039632,000495516,0.3814
test-data/data/debian/buster/coreutils/usr_bin_dircolors.sample,0040908,000929748,1.1152
test-data/data/debian/buster/coreutils/bin_true.sample,0026864,000277620,0.2630
test-data/data/debian/buster/coreutils/bin_cat.sample,0032864,000355748,0.2546
test-data/data/debian/buster/coreutils/usr_bin_unlink.sample,0027428,000277898,0.2576
test-data/data/byteweight/pe-x86/msvs_whatever_32_O1_putty.sample,0628736,014331468,17.5976
test-data/data/byteweight/pe-x86/msvs_whatever_32_O1_smtpsend.sample,0008282,000103032,0.0739
test-data/data/debian/buster/coreutils/usr_bin_tail.sample,0071676,001043086,1.1283
test-data/data/debian/buster/ntfs-3g/bin_ntfscmp.sample,0033012,000881364,0.9964
test-data/data/debian/buster/ntfs-3g/bin_ntfswipe.sample,0048352,001048274,1.2327
test-data/data/byteweight/pe-x86/msvs_whatever_32_O2_vim.sample,2185456,031620286,41.7613
test-data/data/debian/buster/ntfs-3g/bin_lowntfs-3g.sample,0118748,001655768,1.7465
test-data/data/debian/buster/ntfs-3g/sbin_ntfslabel.sample,0025780,000792598,0.7293
test-data/data/debian/buster/ntfs-3g/bin_ntfsmove.sample,0028596,000718364,0.6717
test-data/data/debian/buster/ntfs-3g/bin_ntfscat.sample,0025296,000752902,0.7468
test-data/data/debian/buster/ntfs-3g/bin_ntfsusermap.sample,0029872,000893622,1.0141
test-data/data/byteweight/pe-x86/msvs_whatever_32_O1_libsodium.sample,0685293,043895778,95.4405
test-data/data/debian/buster/ntfs-3g/bin_ntfs-3g.sample,0162000,002219648,2.4789
test-data/data/byteweight/elf-x86/gcc_binutils_32_O1_addr2line.sample,0864376,010748634,12.1481
test-data/data/byteweight/elf-x86/gcc_binutils_32_O2_gprof.sample,0971732,012164376,14.7375
test-data/data/debian/buster/ntfs-3g/bin_ntfsfallocate.sample,0030592,000908690,0.9465
test-data/data/byteweight/elf-x86/gcc_coreutils_32_O0_[.sample,0038436,000514538,0.5341
test-data/data/debian/buster/ntfs-3g/bin_ntfscluster.sample,0031304,000735178,0.8502
test-data/data/byteweight/pe-x86/msvs_whatever_32_Ox_pageant.sample,0251748,003465878,3.9313
test-data/data/byteweight/elf-x86/gcc_coreutils_32_O2_sha384sum.sample,0088560,039952404,80.5181
test-data/data/byteweight/pe-x86/msvs_whatever_32_Od_putty.sample,0838966,017120960,22.7141
test-data/data/debian/buster/ntfs-3g/sbin_ntfsundelete.sample,0051780,001251960,1.3163
test-data/data/byteweight/elf-x86/gcc_coreutils_32_O0_dircolors.sample,0039920,000870524,0.7658
test-data/data/byteweight/elf-x86/gcc_coreutils_32_O0_ginstall.sample,0139600,002808912,3.1175
test-data/data/byteweight/elf-x86/gcc_coreutils_32_O3_groups.sample,0040752,000479968,0.3710
test-data/data/byteweight/pe-x86/msvs_whatever_32_Ox_Client7z.sample,0074351,000724544,0.6924
test-data/data/byteweight/pe-x86/msvs_whatever_32_Od_psftp.sample,0595802,011438272,14.2444
test-data/data/byteweight/pe-x86/msvs_whatever_32_Ox_pscp.sample,0488668,009403188,11.8411
test-data/data/byteweight/pe-x86/msvs_whatever_32_O2_readmsg.sample,0013770,000197402,0.1143
test-data/data/byteweight/elf-x86/gcc_binutils_32_O2_ld-new.sample,1698036,038954038,49.1341
test-data/data/byteweight/pe-x86/msvs_whatever_32_O1_Client7z.sample,0054728,000560622,0.4427
test-data/data/debian/buster/ntfs-3g/usr_bin_ntfsdecrypt.sample,0041848,001815920,2.1742
test-data/data/byteweight/elf-x86/gcc_binutils_32_O1_as-new.sample,1402472,020315192,25.8869
test-data/data/byteweight/elf-x86/gcc_coreutils_32_O0_true.sample,0022660,000293350,0.1983
test-data/data/debian/buster/ntfs-3g/bin_ntfstruncate.sample,0035492,000895000,0.8629
test-data/data/byteweight/elf-x86/gcc_coreutils_32_O1_unlink.sample,0026384,000314754,0.1960
test-data/data/byteweight/pe-x86/msvs_whatever_32_O1_pageant.sample,0236774,002931880,3.1055
test-data/data/debian/jessie/zsh/usr_lib_i386-linux-gnu_zsh_5.0.7_zsh_example.so.sample,0006696,000065310,0.0369
test-data/data/debian/jessie/zsh/usr_lib_i386-linux-gnu_zsh_5.0.7_zsh_newuser.so.sample,0003416,000029258,0.0140
test-data/data/debian/jessie/zsh/usr_lib_i386-linux-gnu_zsh_5.0.7_zsh_stat.so.sample,0011608,000119442,0.0649
test-data/data/debian/jessie/zsh/usr_lib_i386-linux-gnu_zsh_5.0.7_zsh_mathfunc.so.sample,0011960,000114354,0.0600
test-data/data/byteweight/elf-x86/gcc_coreutils_32_O3_stdbuf.sample,0077892,001001514,0.9066
test-data/data/debian/buster/pulseaudio/usr_lib_pulse-12.2_modules_module-default-device-restore.so.sample,0008016,000124808,0.1230
test-data/data/byteweight/elf-x86/gcc_binutils_32_O2_as-new.sample,1463912,019797908,25.2517
test-data/data/debian/buster/pulseaudio/usr_lib_pulse-12.2_modules_module-tunnel-source.so.sample,0044440,000923352,1.0378
test-data/data/byteweight/elf-x86/gcc_coreutils_32_O1_stdbuf.sample,0065728,000847498,0.7912
test-data/data/byteweight/elf-x86/gcc_coreutils_32_O3_chcon.sample,0073336,000894930,0.7381
test-data/data/byteweight/elf-x86/gcc_binutils_32_O2_readelf.sample,0370836,006033664,6.7212
test-data/data/debian/buster/pulseaudio/usr_lib_pulse-12.2_modules_module-stream-restore.so.sample,0076312,002465296,3.0616
test-data/data/debian/buster/pulseaudio/usr_lib_pulse-12.2_modules_module-always-sink.so.sample,0007144,000086494,0.0367
test-data/data/debian/buster/pulseaudio/usr_lib_pulse-12.2_modules_module-x11-publish.so.sample,0009644,000137924,0.0639
test-data/data/byteweight/elf-x86/gcc_coreutils_32_O3_nl.sample,0130868,001554308,1.5441
test-data/data/debian/buster/pulseaudio/usr_lib_pulse-12.2_modules_module-device-manager.so.sample,0039912,000876942,0.8289
test-data/data/debian/buster/ntfs-3g/bin_ntfssecaudit.sample,0690084,007435018,7.5201
test-data/data/debian/buster/pulseaudio/usr_bin_pulseaudio.sample,0084232,001980260,2.3269
test-data/data/debian/buster/pulseaudio/usr_lib_pulse-12.2_modules_module-native-protocol-fd.so.sample,0004796,000058684,0.0424
test-data/data/debian/buster/pulseaudio/usr_lib_pulse-12.2_modules_module-role-cork.so.sample,0021564,000310544,0.2832
test-data/data/debian/buster/ntfs-3g/bin_ntfsinfo.sample,0056636,001481680,1.5690
test-data/data/byteweight/pe-x86/msvs_whatever_32_O1_plink.sample,0418468,007951026,10.0204
test-data/data/debian/buster/pulseaudio/usr_lib_pulse-12.2_modules_module-tunnel-source-new.so.sample,0019084,000417600,0.4062
test-data/data/debian/buster/pulseaudio/usr_lib_pulse-12.2_modules_libprotocol-simple.so.sample,0027092,000457876,0.3869
test-data/data/debian/buster/pulseaudio/usr_lib_pulse-12.2_modules_module-sine.so.sample,0008844,000126300,0.0666
test-data/data/byteweight/elf-x86/gcc_binutils_32_O1_strings.sample,0864840,010753968,12.4192
test-data/data/debian/buster/pulseaudio/usr_lib_pulse-12.2_modules_module-oss.so.sample,0036400,000683638,0.6897
test-data/data/byteweight/pe-x86/msvs_whatever_32_Od_puttytel.sample,0558846,010948724,14.7599
test-data/data/byteweight/elf-x86/gcc_coreutils_32_O2_expr.sample,0098164,001137486,1.2125
test-data/data/byteweight/elf-x86/gcc_coreutils_32_O2_expand.sample,0032144,000393854,0.3693
test-data/data/debian/buster/pulseaudio/usr_lib_pulse-12.2_modules_module-ladspa-sink.so.sample,0047124,001446766,1.7714
test-data/data/debian/buster/okular/usr_lib_i386-linux-gnu_qt5_plugins_okularpart.so.sample,1803664,027478932,39.9227
test-data/data/debian/buster/pulseaudio/usr_lib_pulse-12.2_modules_module-simple-protocol-unix.so.sample,0006640,000097364,0.1028
test-data/data/debian/buster/pulseaudio/usr_lib_pulse-12.2_modules_module-sine-source.so.sample,0012784,000246588,0.2308
test-data/data/byteweight/elf-x86/gcc_coreutils_32_O1_dd.sample,0060592,000959084,1.0849
test-data/data/debian/buster/pulseaudio/usr_lib_pulse-12.2_modules_module-rtp-send.so.sample,0020080,000432912,0.4653
test-data/data/debian/buster/ntfs-3g/sbin_mkntfs.sample,0098348,003581860,4.2627
test-data/data/byteweight/elf-x86/gcc_coreutils_32_O1_mknod.sample,0033240,000432492,0.4199
test-data/data/debian/buster/okular/usr_lib_i386-linux-gnu_qt5_plugins_okular_generators_okularGenerator_comicbook.so.sample,0061172,001115436,1.4348
test-data/data/debian/buster/ntfs-3g/bin_ntfsls.sample,0029136,000659026,0.6891
test-data/data/debian/buster/pulseaudio/usr_lib_pulse-12.2_modules_module-loopback.so.sample,0043560,000970998,1.2148
test-data/data/byteweight/elf-x86/gcc_coreutils_32_O1_tr.sample,0052176,000948252,0.9329
test-data/data/byteweight/pe-x86/msvs_whatever_32_Ox_puttygen.sample,0320384,004392310,5.3445
test-data/data/debian/buster/ntfs-3g/bin_ntfsfix.sample,0039316,001425874,1.5662
test-data/data/byteweight/elf-x86/gcc_binutils_32_O1_ar.sample,0891864,011137594,13.0236
test-data/data/byteweight/elf-x86/gcc_binutils_32_O0_objcopy.sample,1265208,017517492,21.1754
test-data/data/byteweight/elf-x86/gcc_coreutils_32_O0_tr.sample,0058656,000995446,0.9724
test-data/data/debian/buster/okular/usr_lib_i386-linux-gnu_qt5_plugins_okular_generators_okularGenerator_mobi.so.sample,0095952,002543892,3.5165
test-data/data/byteweight/elf-x86/gcc_coreutils_32_O2_chmod.sample,0055892,000696516,0.7317
test-data/data/debian/jessie/zsh/bin_zsh5.sample,0796612,012679292,17.3484
test-data/data/debian/jessie/zsh/usr_lib_i386-linux-gnu_zsh_5.0.7_zsh_attr.so.sample,0006884,000065564,0.0661
test-data/data/debian/jessie/zsh/usr_lib_i386-linux-gnu_zsh_5.0.7_zsh_deltochar.so.sample,0004320,000039140,0.0219
test-data/data/byteweight/elf-x86/gcc_coreutils_32_O2_ginstall.sample,0126108,002019134,1.9657
test-data/data/debian/jessie/zsh/usr_lib_i386-linux-gnu_zsh_5.0.7_zsh_terminfo.so.sample,0006392,000063424,0.0571
test-data/data/debian/buster/ntfs-3g/sbin_ntfsclone.sample,0060444,001883950,2.9806
test-data/data/byteweight/elf-x86/gcc_coreutils_32_O3_tee.sample,0038736,000449624,0.3101
test-data/data/byteweight/elf-x86/gcc_coreutils_32_O2_pr.sample,0063920,000941490,0.9502
test-data/data/byteweight/elf-x86/gcc_coreutils_32_O1_uptime.sample,0038032,000466994,0.3601
test-data/data/debian/jessie/zsh/usr_lib_i386-linux-gnu_zsh_5.0.7_zsh_computil.so.sample,0069248,000763582,0.6804
test-data/data/byteweight/elf-x86/gcc_coreutils_32_O3_shuf.sample,0057516,000661404,0.6241
test-data/data/byteweight/elf-x86/gcc_binutils_32_O2_cxxfilt.sample,0930380,010375572,13.6480
test-data/data/debian/buster/ntfs-3g/sbin_ntfscp.sample,0035528,000825274,1.0217
test-data/data/debian/buster/ntfs-3g/bin_ntfs-3g.probe.sample,0004344,000043786,0.0211
test-data/data/byteweight/elf-x86/gcc_coreutils_32_O1_nproc.sample,0028528,000327324,0.2071
test-data/data/byteweight/elf-x86/gcc_binutils_32_O0_strip-new.sample,1265208,017525042,22.6574
test-data/data/byteweight/elf-x86/gcc_coreutils_32_O1_du.sample,0103620,001440048,1.4097
test-data/data/byteweight/elf-x86/gcc_coreutils_32_O3_whoami.sample,0036528,000423166,0.6993
test-data/data/byteweight/elf-x86/gcc_coreutils_32_O1_sha224sum.sample,0047440,001643196,1.9716
test-data/data/byteweight/elf-x86/gcc_coreutils_32_O1_stty.sample,0065136,001708362,1.8579
test-data/data/byteweight/elf-x86/gcc_coreutils_32_O2_truncate.sample,0054372,000686004,0.6989
test-data/data/byteweight/elf-x86/gcc_binutils_32_O0_readelf.sample,0419216,006376222,8.3686
test-data/data/byteweight/elf-x86/gcc_coreutils_32_O3_fold.sample,0040752,000467176,0.3200
test-data/data/debian/buster/okular/usr_lib_i386-linux-gnu_qt5_plugins_okular_generators_okularGenerator_ooo.so.sample,0308108,004201952,6.3225
test-data/data/debian/buster/ntfs-3g/bin_ntfsrecover.sample,0131788,003506930,3.9100
test-data/data/byteweight/elf-x86/gcc_coreutils_32_O1_paste.sample,0029512,000369486,0.5075
test-data/data/debian/jessie/zsh/usr_lib_i386-linux-gnu_zsh_5.0.7_zsh_zle.so.sample,0278924,004582224,5.6737
test-data/data/byteweight/elf-x86/gcc_coreutils_32_O0_stty.sample,0073232,002095234,3.1143
test-data/data/debian/buster/okular/usr_bin_okular.sample,0139660,001833998,1.8810
test-data/data/debian/buster/pulseaudio/usr_lib_pulse-12.2_modules_module-dbus-protocol.so.sample,0242432,006563028,11.3070
test-data/data/debian/buster/pulseaudio/usr_lib_pulse-12.2_modules_module-virtual-sink.so.sample,0026232,000556148,0.5733
test-data/data/debian/buster/pulseaudio/usr_lib_pulse-12.2_modules_module-detect.so.sample,0007320,000090676,0.0475
test-data/data/debian/buster/pulseaudio/usr_lib_pulse-12.2_modules_module-cli-protocol-tcp.so.sample,0006528,000089476,0.0474
test-data/data/debian/buster/pulseaudio/usr_lib_pulse-12.2_modules_liboss-util.so.sample,0011664,000142814,0.0757
test-data/data/debian/buster/pulseaudio/usr_lib_pulse-12.2_modules_module-null-source.so.sample,0011508,000199642,0.2519
test-data/data/byteweight/elf-x86/gcc_findutils_32_O1_find.sample,0153804,002997956,4.1314
test-data/data/debian/buster/ntfs-3g/sbin_ntfsresize.sample,0085960,002412190,3.1085
test-data/data/debian/buster/pulseaudio/usr_lib_pulse-12.2_modules_module-filter-heuristics.so.sample,0008676,000123350,0.1125
test-data/data/debian/buster/pulseaudio/usr_lib_pulse-12.2_modules_module-alsa-source.so.sample,0006260,000133880,0.0689
test-data/data/debian/buster/pulseaudio/usr_lib_pulse-12.2_modules_libprotocol-cli.so.sample,0006728,000073954,0.0293
test-data/data/debian/buster/pulseaudio/usr_lib_pulse-12.2_modules_module-filter-apply.so.sample,0026896,000420988,0.3221
test-data/data/debian/buster/pulseaudio/usr_lib_pulse-12.2_modules_module-console-kit.so.sample,0012448,000206214,0.1497
test-data/data/debian/buster/pulseaudio/usr_lib_pulse-12.2_modules_module-cli.so.sample,0005956,000069360,0.0383
test-data/data/debian/jessie/zsh/usr_lib_i386-linux-gnu_zsh_5.0.7_zsh_complete.so.sample,0147900,002152900,2.4972
test-data/data/debian/jessie/zsh/usr_lib_i386-linux-gnu_zsh_5.0.7_zsh_zpty.so.sample,0014388,000160124,0.0748
test-data/data/debian/jessie/zsh/usr_lib_i386-linux-gnu_zsh_5.0.7_zsh_regex.so.sample,0006332,000062886,0.0272
test-data/data/debian/buster/pulseaudio/usr_lib_pulse-12.2_modules_module-allow-passthrough.so.sample,0011060,000176158,0.1177
test-data/data/debian/jessie/zsh/usr_lib_i386-linux-gnu_zsh_5.0.7_zsh_net_tcp.so.sample,0011376,000142670,0.0701
test-data/data/debian/buster/pulseaudio/usr_lib_pulse-12.2_modules_module-mmkbd-evdev.so.sample,0008980,000125594,0.1095
test-data/data/byteweight/elf-x86/gcc_coreutils_32_O1_nl.sample,0095964,001150760,0.9510
test-data/data/debian/buster/pulseaudio/usr_lib_pulse-12.2_modules_module-http-protocol-tcp.so.sample,0007308,000103848,0.0499
test-data/data/debian/jessie/zsh/usr_lib_i386-linux-gnu_zsh_5.0.7_zsh_zutil.so.sample,0027456,000275334,0.1466
test-data/data/byteweight/elf-x86/gcc_findutils_32_O2_find.sample,0161068,003088152,3.3187
test-data/data/debian/jessie/zsh/usr_lib_i386-linux-gnu_zsh_5.0.7_zsh_compctl.so.sample,0063372,000822920,0.7141
test-data/data/debian/jessie/zsh/usr_lib_i386-linux-gnu_zsh_5.0.7_zsh_zprof.so.sample,0006932,000065534,0.0297
test-data/data/debian/jessie/zsh/usr_lib_i386-linux-gnu_zsh_5.0.7_zsh_zleparameter.so.sample,0004820,000046270,0.0213
test-data/data/debian/jessie/zsh/usr_lib_i386-linux-gnu_zsh_5.0.7_zsh_langinfo.so.sample,0004980,000045042,0.0189
test-data/data/debian/jessie/zsh/usr_lib_i386-linux-gnu_zsh_5.0.7_zsh_termcap.so.sample,0006724,000063190,0.0285
test-data/data/byteweight/elf-x86/gcc_coreutils_32_O0_mkfifo.sample,0032400,000457160,0.4081
test-data/data/byteweight/elf-x86/gcc_coreutils_32_O2_dir.sample,0115984,001881028,2.0843
test-data/data/byteweight/elf-x86/gcc_coreutils_32_O0_du.sample,0111812,001644534,1.7760
test-data/data/byteweight/elf-x86/gcc_binutils_32_O1_readelf.sample,0385636,006616698,8.2062
test-data/data/byteweight/elf-x86/gcc_findutils_32_O2_xargs.sample,0037740,000618076,0.4666
test-data/data/byteweight/elf-x86/gcc_coreutils_32_O2_sha224sum.sample,0049608,001793932,1.8652
test-data/data/byteweight/elf-x86/gcc_coreutils_32_O1_tee.sample,0028656,000397110,0.2992
test-data/data/debian/buster/pulseaudio/usr_lib_pulse-12.2_modules_libprotocol-native.so.sample,0142072,003525776,5.4612
test-data/data/byteweight/elf-x86/gcc_binutils_32_O2_ranlib.sample,0928264,010518522,11.8717
test-data/data/byteweight/elf-x86/gcc_findutils_32_O0_bigram.sample,0011200,000115340,0.1152
test-data/data/debian/buster/pulseaudio/usr_lib_pulse-12.2_modules_module-suspend-on-idle.so.sample,0021216,000298268,0.3310
test-data/data/debian/buster/pulseaudio/usr_lib_pulse-12.2_modules_module-augment-properties.so.sample,0012716,000193268,0.0970
test-data/data/byteweight/elf-x86/gcc_coreutils_32_O3_sync.sample,0036208,000417930,0.2886
test-data/data/debian/buster/pulseaudio/usr_lib_pulse-12.2_modules_module-intended-roles.so.sample,0012596,000157998,0.0854
test-data/data/debian/jessie/zsh/usr_lib_i386-linux-gnu_zsh_5.0.7_zsh_mapfile.so.sample,0006344,000065328,0.0573
test-data/data/debian/jessie/zsh/usr_lib_i386-linux-gnu_zsh_5.0.7_zsh_system.so.sample,0014628,000156652,0.1076
test-data/data/debian/jessie/zsh/usr_lib_i386-linux-gnu_zsh_5.0.7_zsh_pcre.so.sample,0009624,000098688,0.0579
test-data/data/debian/jessie/zsh/usr_lib_i386-linux-gnu_zsh_5.0.7_zsh_complist.so.sample,0060588,000683702,0.7077
test-data/data/debian/jessie/zsh/usr_lib_i386-linux-gnu_zsh_5.0.7_zsh_rlimits.so.sample,0014448,000157708,0.1039
test-data/data/byteweight/pe-x86/msvs_whatever_32_Ox_putty.sample,0685054,014912076,21.5252
test-data/data/debian/buster/okular/usr_lib_i386-linux-gnu_qt5_plugins_okular_generators_okularGenerator_dvi.so.sample,0490572,008587506,10.6738
test-data/data/debian/jessie/zsh/usr_lib_i386-linux-gnu_zsh_5.0.7_zsh_parameter.so.sample,0037100,000368238,0.2841
test-data/data/debian/jessie/zsh/usr_lib_i386-linux-gnu_zsh_5.0.7_zsh_datetime.so.sample,0006500,000067684,0.0296
test-data/data/debian/jessie/zsh/usr_lib_i386-linux-gnu_zsh_5.0.7_zsh_net_socket.so.sample,0006248,000061578,0.0250
test-data/data/debian/jessie/zsh/usr_lib_i386-linux-gnu_zsh_5.0.7_zsh_sched.so.sample,0007500,000070630,0.0753
test-data/data/debian/jessie/zsh/usr_lib_i386-linux-gnu_zsh_5.0.7_zsh_cap.so.sample,0005100,000052312,0.0526
test-data/data/debian/buster/pulseaudio/usr_lib_pulse-12.2_modules_module-rygel-media-server.so.sample,0048300,002435898,3.3107
test-data/data/debian/buster/pulseaudio/usr_lib_pulse-12.2_modules_module-volume-restore.so.sample,0004740,000064494,0.0287
test-data/data/debian/jessie/zsh/usr_lib_i386-linux-gnu_zsh_5.0.7_zsh_zftp.so.sample,0042960,000450792,0.5413
test-data/data/debian/buster/pulseaudio/usr_lib_pulse-12.2_modules_module-x11-bell.so.sample,0007312,000099292,0.0460
test-data/data/debian/jessie/zsh/usr_lib_i386-linux-gnu_zsh_5.0.7_zsh_curses.so.sample,0028196,000324594,0.2602
test-data/data/debian/jessie/zsh/usr_lib_i386-linux-gnu_zsh_5.0.7_zsh_clone.so.sample,0004992,000045302,0.0215
test-data/data/debian/buster/okular/usr_lib_i386-linux-gnu_qt5_plugins_okular_generators_okularGenerator_ghostview.so.sample,0058640,001151466,1.1675
test-data/data/debian/buster/pulseaudio/usr_lib_pulse-12.2_modules_libwebrtc-util.so.sample,0022809,000439816,0.3388
test-data/data/debian/jessie/zsh/usr_lib_i386-linux-gnu_zsh_5.0.7_zsh_files.so.sample,0017224,000160072,0.0883
test-data/data/debian/jessie/zsh/usr_lib_i386-linux-gnu_zsh_5.0.7_zsh_zselect.so.sample,0008276,000081004,0.0401
test-data/data/debian/buster/okular/usr_lib_i386-linux-gnu_qt5_plugins_okular_generators_okularGenerator_kimgio.so.sample,0028576,000559798,0.5377
test-data/data/byteweight/pe-x86/msvs_whatever_32_Od_pbc.sample,0011058,000650856,1.0946
test-data/data/byteweight/pe-x86/msvs_whatever_32_Od_Client7z.sample,0083936,000908376,0.8372
test-data/data/debian/buster/okular/usr_lib_i386-linux-gnu_qt5_plugins_okular_generators_okularGenerator_txt.so.sample,0027004,001045424,1.4714
test-data/data/byteweight/pe-x86/msvs_whatever_32_Ox_smtpsend.sample,0008282,000102048,0.0813
test-data/data/debian/buster/gzip/bin_gzip.sample,0421308,003184946,2.0858
test-data/data/byteweight/pe-x86/msvs_whatever_32_O1_pbc.sample,0009634,000595530,0.7413
test-data/data/debian/buster/okular/usr_lib_i386-linux-gnu_qt5_plugins_okular_generators_okularGenerator_plucker.so.sample,0146224,001968564,2.5578
test-data/data/debian/buster/coreutils/usr_bin_sha384sum.sample,0098328,033350044,71.4689
test-data/data/debian/buster/okular/usr_lib_i386-linux-gnu_qt5_plugins_okular_generators_okularGenerator_fax.so.sample,0087580,001010568,1.1006
test-data/data/debian/buster/coreutils/usr_bin_nice.sample,0031552,000361958,0.3599
test-data/data/debian/buster/coreutils/usr_bin_sum.sample,0042372,000430010,0.3124
test-data/data/debian/buster/coreutils/usr_bin_timeout.sample,0037300,000459226,0.3228
test-data/data/debian/buster/coreutils/bin_chown.sample,0067732,000776636,0.6333
test-data/data/byteweight/elf-x86/gcc_coreutils_32_O3_sha384sum.sample,0101296,050917916,112.0314
test-data/data/byteweight/elf-x86/gcc_binutils_32_O2_sysinfo.sample,0017620,000249508,0.2122
test-data/data/debian/buster/coreutils/usr_bin_od.sample,0071440,001018200,1.0471
test-data/data/byteweight/elf-x86/gcc_coreutils_32_O1_mkdir.sample,0050548,000606746,0.5145
test-data/data/byteweight/pe-x86/msvs_whatever_32_Od_gvim.sample,4870959,060102522,88.2677
test-data/data/byteweight/elf-x86/gcc_binutils_32_O3_gprof.sample,1078356,013683594,17.6178
test-data/data/byteweight/elf-x86/gcc_coreutils_32_O0_tac.sample,0126552,001590966,1.3729
test-data/data/byteweight/elf-x86/gcc_coreutils_32_O1_dirname.sample,0026928,000330940,0.3187
test-data/data/byteweight/elf-x86/gcc_coreutils_32_O0_tty.sample,0029280,000426366,0.3714
test-data/data/byteweight/elf-x86/gcc_coreutils_32_O2_chcon.sample,0063256,000777778,0.7408
test-data/data/byteweight/elf-x86/gcc_coreutils_32_O2_unlink.sample,0028176,000319966,0.3186
test-data/data/byteweight/pe-x86/msvs_whatever_32_O2_psftp.sample,0498552,010114418,13.3414
test-data/data/byteweight/elf-x86/gcc_coreutils_32_O0_md5sum.sample,0043568,000959122,0.9549
test-data/data/debian/buster/plasma-desktop/usr_lib_i386-linux-gnu_qt5_plugins_kcm_fontinst.so.sample,0592500,008585634,10.1158
test-data/data/debian/buster/okular/usr_lib_i386-linux-gnu_qt5_plugins_okular_generators_okularGenerator_poppler.so.sample,0179120,005039318,6.5954
test-data/data/byteweight/pe-x86/msvs_whatever_32_O1_puttygen.sample,0301502,003829942,3.7671
test-data/data/debian/buster/plasma-desktop/usr_lib_i386-linux-gnu_qt5_plugins_kcms_kcm_desktoptheme.so.sample,0063040,000845192,0.7782
test-data/data/byteweight/elf-x86/gcc_coreutils_32_O0_mv.sample,0117980,002168794,2.3620
test-data/data/byteweight/elf-x86/gcc_coreutils_32_O0_split.sample,0069772,001064682,1.0417
test-data/data/byteweight/elf-x86/gcc_findutils_32_O0_locate.sample,0056164,000752742,0.6743
test-data/data/byteweight/pe-x86/msvs_whatever_32_O1_pscp.sample,0448272,008690002,11.1664
test-data/data/debian/buster/plasma-desktop/usr_lib_i386-linux-gnu_qt5_plugins_attica_kde.so.sample,0058412,000910816,1.0198
test-data/data/debian/buster/plasma-desktop/usr_bin_kcm-touchpad-list-devices.sample,0004884,000050452,0.0297
test-data/data/byteweight/pe-x86/msvs_whatever_32_O2_hidapi.sample,0010460,000118718,0.0778
test-data/data/byteweight/elf-x86/gcc_coreutils_32_O3_sha512sum.sample,0101296,050917890,108.6855
test-data/data/debian/buster/php7.3-common/usr_lib_php_20180731_tokenizer.so.sample,0016148,000241836,0.2904
test-data/data/byteweight/pe-x86/msvs_whatever_32_Ox_readmsg.sample,0013770,000197340,0.1208
test-data/data/debian/buster/php7.3-common/usr_lib_php_20180731_calendar.so.sample,0023228,000226296,0.2432
test-data/data/debian/buster/php7.3-common/usr_lib_php_20180731_shmop.so.sample,0007672,000075724,0.1089
test-data/data/byteweight/elf-x86/gcc_binutils_32_O3_strip-new.sample,1212184,014742980,18.3003
test-data/data/debian/buster/okular/usr_lib_i386-linux-gnu_qt5_plugins_okular_generators_okularGenerator_xps.so.sample,0162156,002120726,2.4070
test-data/data/byteweight/pe-x86/msvs_whatever_32_O2_Client7z.sample,0074351,000724520,0.9467
test-data/data/byteweight/pe-x86/msvs_whatever_32_O2_smtpsend.sample,0008282,000102786,0.0793
test-data/data/byteweight/elf-x86/gcc_coreutils_32_O3_numfmt.sample,0078676,001250400,1.3806
test-data/data/debian/buster/php7.3-common/usr_lib_php_20180731_exif.so.sample,0064072,000953054,1.2852
test-data/data/debian/buster/php7.3-common/usr_lib_php_20180731_sysvsem.so.sample,0006628,000063990,0.0353
test-data/data/debian/buster/php7.3-common/usr_lib_php_20180731_sysvmsg.so.sample,0010432,000113666,0.0561
test-data/data/debian/buster/php7.3-common/usr_lib_php_20180731_ctype.so.sample,0007332,000061396,0.0449
test-data/data/debian/buster/php7.3-common/usr_lib_php_20180731_gettext.so.sample,0009580,000091994,0.0470
test-data/data/byteweight/elf-x86/gcc_binutils_32_O2_elfedit.sample,0023952,000287154,0.3776
test-data/data/debian/buster/plasma-desktop/usr_lib_i386-linux-gnu_qt5_plugins_kcm_access.so.sample,0093848,001856608,2.4150
test-data/data/byteweight/pe-x86/msvs_whatever_32_Od_pageant.sample,0292642,003988356,4.3654
test-data/data/debian/buster/plasma-desktop/usr_lib_i386-linux-gnu_kconf_update_bin_krdb_clearlibrarypath.sample,0009876,000135312,0.1169
test-data/data/byteweight/elf-x86/gcc_coreutils_32_O3_csplit.sample,0145044,001741454,2.2833
test-data/data/byteweight/pe-x86/msvs_whatever_32_O2_7z.sample,0049818,000519364,0.4442
test-data/data/debian/buster/plasma-desktop/usr_lib_i386-linux-gnu_qt5_plugins_kcms_kcm_workspace.so.sample,0035856,000544096,0.5365
test-data/data/byteweight/elf-x86/gcc_coreutils_32_O0_nohup.sample,0033036,000522780,0.7839
test-data/data/debian/buster/coreutils/usr_bin_b2sum.sample,0072932,006613352,9.0318
test-data/data/byteweight/elf-x86/gcc_coreutils_32_O3_mktemp.sample,0048756,000634962,0.6054
test-data/data/byteweight/elf-x86/gcc_coreutils_32_O2_stty.sample,0063984,001640172,2.0299
test-data/data/byteweight/elf-x86/gcc_binutils_32_O1_ld-new.sample,1650632,039475914,55.7439
test-data/data/byteweight/elf-x86/gcc_coreutils_32_O2_md5sum.sample,0040400,000601580,0.6757
test-data/data/byteweight/elf-x86/gcc_coreutils_32_O2_join.sample,0043536,000584620,0.5625
test-data/data/byteweight/elf-x86/gcc_coreutils_32_O2_pwd.sample,0033396,000411084,0.3603
test-data/data/byteweight/elf-x86/gcc_coreutils_32_O0_sha384sum.sample,0128400,015784570,36.1096
test-data/data/debian/buster/php7.3-common/usr_lib_php_20180731_sysvshm.so.sample,0008940,000089974,0.0565
test-data/data/debian/buster/plasma-desktop/usr_lib_i386-linux-gnu_qt5_qml_org_kde_plasma_private_taskmanager_libtaskmanagerplugin.so.sample,0119616,001422486,1.4137
test-data/data/byteweight/elf-x86/gcc_coreutils_32_O3_sha1sum.sample,0051312,000903160,0.8351
test-data/data/byteweight/elf-x86/gcc_coreutils_32_O2_pathchk.sample,0029872,000380040,0.2820
test-data/data/byteweight/elf-x86/gcc_coreutils_32_O3_stat.sample,0084660,001083418,0.9353
test-data/data/byteweight/elf-x86/gcc_coreutils_32_O3_ls.sample,0141168,002250660,2.1428
test-data/data/debian/buster/coreutils/bin_vdir.sample,0147564,002994326,3.6149
test-data/data/debian/buster/php7.3-common/usr_lib_php_20180731_pdo.so.sample,0100760,002507136,2.9122
test-data/data/debian/buster/plasma-desktop/usr_lib_i386-linux-gnu_qt5_plugins_kcms_kcm_translations.so.sample,0068200,000976574,0.8297
test-data/data/debian/buster/plasma-desktop/usr_lib_i386-linux-gnu_qt5_plugins_fontthumbnail.so.sample,0012476,000185218,0.1141
test-data/data/debian/buster/plasma-desktop/usr_lib_i386-linux-gnu_qt5_plugins_krunner_kwin.so.sample,0015832,000252972,0.2136
test-data/data/byteweight/elf-x86/gcc_coreutils_32_O2_cp.sample,0116948,002152276,2.0984
test-data/data/byteweight/elf-x86/gcc_coreutils_32_O2_head.sample,0042448,000528300,0.4276
test-data/data/debian/buster/plasma-desktop/usr_lib_i386-linux-gnu_qt5_qml_org_kde_activities_settings_libkactivitiessettingsplugin.so.sample,0070044,001079730,1.0556
test-data/data/debian/buster/gcc-8/usr_lib_gcc_i686-linux-gnu_8_collect2.sample,0642208,007131212,8.5786
test-data/data/debian/buster/plasma-desktop/usr_lib_i386-linux-gnu_qt5_plugins_kf5_kded_device_automounter.so.sample,0037360,000548556,0.4029
test-data/data/byteweight/elf-x86/gcc_coreutils_32_O3_date.sample,0073552,001038178,0.9046
test-data/data/byteweight/elf-x86/gcc_coreutils_32_O2_tty.sample,0028080,000322330,0.1505
test-data/data/byteweight/elf-x86/gcc_coreutils_32_O1_pr.sample,0058652,000893184,0.7588
test-data/data/byteweight/elf-x86/gcc_coreutils_32_O0_base64.sample,0037892,000499968,0.4158
test-data/data/debian/buster/plasma-desktop/usr_lib_i386-linux-gnu_qt5_plugins_kcm_phonon.so.sample,0162728,002261072,2.1217
test-data/data/byteweight/pe-x86/msvs_whatever_32_Od_pscp.sample,0584580,010898912,13.1595
test-data/data/byteweight/elf-x86/gcc_coreutils_32_O1_shred.sample,0052304,000925526,0.8032
test-data/data/byteweight/elf-x86/gcc_binutils_32_O1_elfedit.sample,0023760,000276374,0.1277
test-data/data/byteweight/pe-x86/msvs_whatever_32_Od_puttygen.sample,0372902,005264766,5.1936
test-data/data/byteweight/elf-x86/gcc_coreutils_32_O2_tac.sample,0104024,001123368,0.8166
test-data/data/debian/buster/plasma-desktop/usr_lib_i386-linux-gnu_qt5_plugins_kded_touchpad.so.sample,0483540,008090174,8.4811
test-data/data/debian/buster/plasma-desktop/usr_lib_i386-linux-gnu_qt5_qml_org_kde_plasma_private_pager_libpagerplugin.so.sample,0064504,001299656,1.4295
test-data/data/byteweight/elf-x86/gcc_coreutils_32_O0_chown.sample,0065960,000933830,0.7311
test-data/data/byteweight/pe-x86/msvs_whatever_32_O2_puttytel.sample,0473200,009081752,12.3826
test-data/data/debian/buster/plasma-desktop/usr_lib_i386-linux-gnu_qt5_plugins_kcm_baloofile.so.sample,0062428,001012796,0.8801
test-data/data/debian/buster/plasma-desktop/usr_lib_kauth_libexec_fontinst_helper.sample,0117900,001446460,1.1923
test-data/data/debian/buster/plasma-desktop/usr_lib_i386-linux-gnu_qt5_plugins_plasma_dataengine_plasma_engine_touchpad.so.sample,0038048,000474120,0.3065
test-data/data/debian/buster/plasma-desktop/usr_lib_i386-linux-gnu_qt5_plugins_kcm_clock.so.sample,0118500,001638834,1.6161
test-data/data/byteweight/pe-x86/msvs_whatever_32_O2_puttygen.sample,0320384,004391744,4.2471
test-data/data/byteweight/pe-x86/msvs_whatever_32_O2_putty.sample,0685054,014912464,19.4662
test-data/data/byteweight/elf-x86/gcc_binutils_32_O0_strings.sample,1050932,014380022,15.0824
test-data/data/debian/buster/plasma-desktop/usr_lib_i386-linux-gnu_qt5_plugins_kcms_kcm_lookandfeel.so.sample,0211916,002538118,3.0194
test-data/data/byteweight/elf-x86/gcc_binutils_32_O1_strip-new.sample,1049268,013708876,15.1751
test-data/data/byteweight/elf-x86/gcc_coreutils_32_O2_false.sample,0021988,000267588,0.1784
test-data/data/byteweight/elf-x86/gcc_coreutils_32_O2_uniq.sample,0039760,000538334,0.3933
test-data/data/debian/buster/plasma-desktop/usr_lib_i386-linux-gnu_qt5_plugins_kcm_style.so.sample,0186792,003300392,4.5067
test-data/data/debian/buster/plasma-desktop/usr_lib_i386-linux-gnu_libexec_plasma-changeicons.sample,0005740,000061994,0.0356
test-data/data/byteweight/elf-x86/gcc_coreutils_32_O1_link.sample,0026544,000317842,0.1723
test-data/data/debian/buster/plasma-desktop/usr_lib_i386-linux-gnu_qt5_plugins_kcm_plasmasearch.so.sample,0020900,000373640,0.3013
test-data/data/byteweight/elf-x86/gcc_coreutils_32_O3_mkdir.sample,0059284,000665350,0.5392
test-data/data/byteweight/elf-x86/gcc_findutils_32_O2_frcode.sample,0015168,000177342,0.0898
test-data/data/byteweight/elf-x86/gcc_coreutils_32_O2_sha1sum.sample,0043120,000764640,0.5810
test-data/data/debian/buster/plasma-desktop/usr_lib_i386-linux-gnu_qt5_plugins_kcm_joystick.so.sample,0079796,001434240,1.3167
test-data/data/byteweight/elf-x86/gcc_coreutils_32_O3_readlink.sample,0051056,000613770,0.4605
test-data/data/byteweight/elf-x86/gcc_coreutils_32_O2_comm.sample,0034896,000439262,0.3390
test-data/data/byteweight/elf-x86/gcc_coreutils_32_O2_od.sample,0065696,001020892,0.9428
test-data/data/debian/buster/plasma-desktop/usr_lib_i386-linux-gnu_qt5_plugins_kio_fonts.so.sample,0118360,001398374,1.3127
test-data/data/debian/buster/plasma-desktop/usr_lib_i386-linux-gnu_qt5_plugins_kcm_kded.so.sample,0070532,001112966,0.9313
test-data/data/debian/buster/plasma-desktop/usr_lib_i386-linux-gnu_libexec_kimpanel-scim-panel.sample,0130836,002143308,2.0347
test-data/data/byteweight/elf-x86/gcc_coreutils_32_O0_sort.sample,0115128,002069506,1.6499
test-data/data/debian/buster/plasma-desktop/usr_lib_i386-linux-gnu_qt5_qml_org_kde_plasma_activityswitcher_libactivityswitcherextensionplugin.so.sample,0096144,001390206,1.2111
test-data/data/debian/buster/plasma-desktop/usr_lib_i386-linux-gnu_qt5_plugins_libkcm_qtquicksettings.so.sample,0032452,000620008,0.5363
test-data/data/byteweight/elf-x86/gcc_binutils_32_O2_addr2line.sample,0899892,010046120,10.4245
test-data/data/byteweight/elf-x86/gcc_coreutils_32_O3_stty.sample,0074980,001813960,1.8089
test-data/data/byteweight/pe-x86/msvs_whatever_32_Od_plink.sample,0554548,009895012,10.9413
test-data/data/byteweight/elf-x86/gcc_coreutils_32_O1_chown.sample,0057392,000764646,0.7375
test-data/data/byteweight/elf-x86/gcc_coreutils_32_O3_touch.sample,0070732,000880990,0.8471
test-data/data/debian/buster/plasma-desktop/usr_bin_knetattach.sample,0062932,001196720,1.2212
test-data/data/byteweight/pe-x86/msvs_whatever_32_Ox_pbc.sample,0010946,000653846,0.6127
test-data/data/byteweight/elf-x86/gcc_coreutils_32_O0_getlimits.sample,0045852,000601950,0.4947
test-data/data/byteweight/elf-x86/gcc_coreutils_32_O0_readlink.sample,0045344,000623564,0.5256
test-data/data/byteweight/elf-x86/gcc_coreutils_32_O0_pathchk.sample,0031632,000470286,0.4019
test-data/data/byteweight/elf-x86/gcc_coreutils_32_O0_fold.sample,0033128,000459804,0.4002
test-data/data/byteweight/elf-x86/gcc_findutils_32_O3_locate.sample,0068644,000948064,0.8717
test-data/data/byteweight/elf-x86/gcc_coreutils_32_O3_cut.sample,0052432,000674358,0.6172
test-data/data/debian/buster/plasma-desktop/usr_bin_kfontinst.sample,0117312,001611866,1.5814
test-data/data/byteweight/elf-x86/gcc_coreutils_32_O0_stat.sample,0086428,001406348,1.1181
test-data/data/byteweight/elf-x86/gcc_coreutils_32_O0_touch.sample,0065124,000956248,0.7437
test-data/data/byteweight/elf-x86/gcc_coreutils_32_O1_rm.sample,0055668,000759950,0.5628
test-data/data/byteweight/pe-x86/msvs_whatever_32_Ox_puttytel.sample,0473200,009082010,10.8504
test-data/data/byteweight/elf-x86/gcc_coreutils_32_O1_split.sample,0069000,001002962,0.8453
test-data/data/byteweight/elf-x86/gcc_coreutils_32_O1_uniq.sample,0037156,000530476,0.4037
test-data/data/debian/buster/gcc-8/usr_bin_i686-linux-gnu-gcc-ar-8.sample,0028740,000278214,0.1700
test-data/data/byteweight/elf-x86/gcc_binutils_32_O3_cxxfilt.sample,1025864,011583728,11.5890
test-data/data/byteweight/elf-x86/gcc_findutils_32_O3_frcode.sample,0015648,000182494,0.0808
test-data/data/byteweight/elf-x86/gcc_coreutils_32_O0_nl.sample,0122888,001630180,1.3022
test-data/data/byteweight/elf-x86/gcc_coreutils_32_O3_yes.sample,0036432,000456132,0.4014
test-data/data/debian/buster/plasma-desktop/usr_lib_i386-linux-gnu_qt5_plugins_kcm_keyboard.so.sample,0812498,011674498,12.3687
test-data/data/debian/buster/plasma-desktop/usr_lib_i386-linux-gnu_qt5_qml_org_kde_plasma_private_kicker_libkickerplugin.so.sample,0589608,007136034,7.5384
test-data/data/debian/buster/plasma-desktop/usr_lib_i386-linux-gnu_qt5_plugins_kcm_smserver.so.sample,0036576,000707458,0.9059
test-data/data/byteweight/elf-x86/gcc_coreutils_32_O2_numfmt.sample,0065296,001022194,1.1011
test-data/data/debian/buster/plasma-desktop/usr_lib_i386-linux-gnu_qt5_plugins_kcms_kcm_nightcolor.so.sample,0022244,000408208,0.5556
test-data/data/debian/buster/plasma-desktop/usr_lib_i386-linux-gnu_qt5_plugins_kcm_standard_actions.so.sample,0029092,000515946,0.3803
test-data/data/debian/buster/plasma-desktop/usr_bin_kapplymousetheme.sample,0129924,001587990,1.4812
test-data/data/debian/buster/plasma-desktop/usr_lib_i386-linux-gnu_qt5_plugins_kcmspellchecking.so.sample,0013192,000286000,0.1446
test-data/data/byteweight/pe-x86/msvs_whatever_32_O1_puttytel.sample,0440882,009192212,11.6972
test-data/data/byteweight/pe-x86/msvs_whatever_32_Od_smtpsend.sample,0008282,000103768,0.1038
test-data/data/debian/buster/plasma-desktop/usr_lib_i386-linux-gnu_qt5_plugins_kcm_knotify.so.sample,0027448,000637938,0.7831
test-data/data/byteweight/elf-x86/gcc_coreutils_32_O1_chmod.sample,0052116,000660618,0.9460
test-data/data/byteweight/elf-x86/gcc_coreutils_32_O2_make-prime-list.sample,0004872,000045938,0.0698
test-data/data/byteweight/elf-x86/gcc_coreutils_32_O3_uniq.sample,0049760,000649474,0.8639
test-data/data/debian/buster/plasma-desktop/usr_bin_kcolorschemeeditor.sample,0335132,004882460,6.1673
test-data/data/byteweight/elf-x86/gcc_coreutils_32_O2_sync.sample,0027920,000319784,0.2630
test-data/data/debian/buster/plasma-desktop/usr_lib_i386-linux-gnu_qt5_plugins_kcm_emoticons.so.sample,0081956,001493580,2.1075
test-data/data/debian/buster/plasma-desktop/usr_lib_i386-linux-gnu_libexec_kfontprint.sample,0043148,000527618,0.2864
test-data/data/debian/buster/plasma-desktop/usr_lib_kauth_libexec_kcmdatetimehelper.sample,0021260,000286336,0.1704
test-data/data/byteweight/elf-x86/gcc_coreutils_32_O0_stdbuf.sample,0067492,001060874,0.8311
test-data/data/byteweight/elf-x86/gcc_coreutils_32_O2_nohup.sample,0031984,000431708,0.2942
test-data/data/byteweight/elf-x86/gcc_coreutils_32_O1_sha256sum.sample,0047440,001642438,1.8706
test-data/data/debian/buster/plasma-desktop/usr_lib_i386-linux-gnu_qt5_plugins_kcms_kcm_fonts.so.sample,0255084,003522568,3.5774
test-data/data/byteweight/elf-x86/gcc_coreutils_32_O2_dd.sample,0065264,000980432,0.8440
test-data/data/byteweight/elf-x86/gcc_coreutils_32_O2_paste.sample,0031440,000401166,0.3199
test-data/data/debian/buster/plasma-desktop/usr_lib_i386-linux-gnu_qt5_plugins_kcms_kcm_cursortheme.so.sample,0236644,003467536,3.6002
test-data/data/byteweight/elf-x86/gcc_coreutils_32_O0_logname.sample,0029152,000412906,0.3397
test-data/data/byteweight/elf-x86/gcc_binutils_32_O1_sysinfo.sample,0017268,000242478,0.1805
test-data/data/byteweight/elf-x86/gcc_coreutils_32_O3_chroot.sample,0043248,000494860,0.2986
test-data/data/byteweight/elf-x86/gcc_coreutils_32_O2_tee.sample,0030448,000372752,0.2190
test-data/data/byteweight/elf-x86/gcc_coreutils_32_O0_nproc.sample,0031664,000458402,0.3249
test-data/data/debian/buster/plasma-desktop/usr_lib_i386-linux-gnu_qt5_plugins_kcm_autostart.so.sample,0082072,001537826,1.6041
test-data/data/debian/buster/plasma-desktop/usr_lib_kauth_libexec_fontinst.sample,0188972,002457378,2.5668
test-data/data/byteweight/elf-x86/gcc_coreutils_32_O3_seq.sample,0055664,000657698,0.5826
test-data/data/byteweight/elf-x86/gcc_coreutils_32_O1_timeout.sample,0051720,000662268,0.4857
test-data/data/debian/buster/plasma-desktop/usr_lib_i386-linux-gnu_qt5_plugins_kcm_desktoppaths.so.sample,0059300,001172712,1.1479
test-data/data/debian/buster/plasma-desktop/usr_lib_i386-linux-gnu_libkdeinit5_kaccess.so.sample,0079400,001408148,1.5118
test-data/data/debian/buster/plasma-desktop/usr_lib_i386-linux-gnu_qt5_qml_org_kde_plasma_private_trash_libtrashplugin.so.sample,0075076,000893366,0.7445
test-data/data/debian/buster/plasma-desktop/usr_lib_i386-linux-gnu_qt5_plugins_kcm_activities.so.sample,0114824,001637824,1.5315
test-data/data/debian/buster/plasma-desktop/usr_bin_kfontview.sample,0034740,000665574,0.5954
test-data/data/debian/buster/plasma-desktop/usr_bin_kaccess.sample,0002692,000024414,0.0181
test-data/data/byteweight/elf-x86/gcc_coreutils_32_O0_sha224sum.sample,0054124,003112870,3.3247
test-data/data/debian/buster/plasma-desktop/usr_lib_i386-linux-gnu_qt5_qml_org_kde_private_desktopcontainment_desktop_libdesktopplugin.so.sample,0019624,000253876,0.1684
test-data/data/byteweight/elf-x86/gcc_coreutils_32_O2_printf.sample,0044112,000539674,0.4614
test-data/data/byteweight/elf-x86/gcc_binutils_32_O3_as-new.sample,1594664,021314332,25.2852
test-data/data/byteweight/elf-x86/gcc_coreutils_32_O3_test.sample,0033464,000421488,0.3818
test-data/data/debian/buster/plasma-desktop/usr_lib_i386-linux-gnu_qt5_plugins_kcm_keys.so.sample,0162368,002875362,3.2815
test-data/data/debian/buster/plasma-desktop/usr_lib_i386-linux-gnu_qt5_plugins_krunner_plasma-desktop.so.sample,0022420,000323498,0.1731
test-data/data/byteweight/elf-x86/gcc_coreutils_32_O2_ln.sample,0056468,000743376,0.6204
test-data/data/byteweight/elf-x86/gcc_findutils_32_O2_code.sample,0015712,000178342,0.0829
test-data/data/byteweight/elf-x86/gcc_coreutils_32_O0_sync.sample,0028928,000406632,0.2693
test-data/data/byteweight/elf-x86/gcc_coreutils_32_O2_ls.sample,0115984,001881276,1.7885
test-data/data/byteweight/pe-x86/msvs_whatever_32_O1_SfxSetup.sample,0089620,001045508,0.9185
test-data/data/byteweight/elf-x86/gcc_findutils_32_O3_bigram.sample,0011232,000106568,0.0613
test-data/data/byteweight/elf-x86/gcc_coreutils_32_O2_chgrp.sample,0059412,000711262,0.5806
test-data/data/byteweight/elf-x86/gcc_coreutils_32_O0_test.sample,0035396,000440256,0.3218
test-data/data/byteweight/elf-x86/gcc_coreutils_32_O3_pathchk.sample,0038192,000459380,0.3135
test-data/data/byteweight/elf-x86/gcc_findutils_32_O1_bigram.sample,0010336,000099616,0.0558
test-data/data/byteweight/pe-x86/msvs_whatever_32_Ox_gvim.sample,2348880,036261890,49.8634
test-data/data/byteweight/elf-x86/gcc_binutils_32_O1_objdump.sample,1446644,019284024,20.8762
test-data/data/debian/buster/qt5-qmake-bin/usr_lib_qt5_bin_qmake.sample,3170087,041098458,80.6313
test-data/data/byteweight/elf-x86/gcc_coreutils_32_O2_realpath.sample,0060936,000727730,0.6436
test-data/data/byteweight/elf-x86/gcc_coreutils_32_O1_basename.sample,0027632,000375362,0.2756
test-data/data/byteweight/pe-x86/msvs_whatever_32_O2_libsodium.sample,0685293,043895690,97.7531
test-data/data/byteweight/elf-x86/gcc_coreutils_32_O0_whoami.sample,0029376,000421668,0.2940
test-data/data/debian/buster/plasma-desktop/usr_lib_i386-linux-gnu_qt5_qml_org_kde_private_desktopcontainment_folder_libfolderplugin.so.sample,0421736,006614154,7.1250
test-data/data/byteweight/elf-x86/gcc_coreutils_32_O2_sleep.sample,0029656,000378614,0.2463
test-data/data/debian/buster/plasma-desktop/usr_lib_i386-linux-gnu_qt5_plugins_kcm_formats.so.sample,0111356,001913234,1.7084
test-data/data/debian/buster/plasma-desktop/usr_lib_i386-linux-gnu_qt5_plugins_kcms_kcm_splashscreen.so.sample,0044868,000675924,0.4955
test-data/data/debian/buster/plasma-desktop/usr_lib_i386-linux-gnu_qt5_plugins_libkcm_device_automounter.so.sample,0088556,001734394,1.5857
test-data/data/byteweight/elf-x86/gcc_coreutils_32_O3_cp.sample,0128336,002448190,2.1339
test-data/data/debian/buster/plasma-desktop/usr_lib_i386-linux-gnu_qt5_plugins_kcms_kcm_launchfeedback.so.sample,0053840,000948742,0.7892
test-data/data/byteweight/elf-x86/gcc_coreutils_32_O2_[.sample,0034468,000426358,0.2438
test-data/data/debian/buster/plasma-desktop/usr_lib_i386-linux-gnu_qt5_plugins_plasma_dataengine_plasma_engine_kimpanel.so.sample,0178504,002073796,1.7627
test-data/data/byteweight/elf-x86/gcc_coreutils_32_O2_sha512sum.sample,0088560,039952292,80.2439
test-data/data/debian/buster/plasma-desktop/usr_bin_lookandfeeltool.sample,0209992,002473484,2.0495
test-data/data/byteweight/pe-x86/msvs_whatever_32_O1_gvim.sample,2339110,035071808,49.9100
test-data/data/debian/buster/zlib1g/lib_i386-linux-gnu_libz.so.1.2.11.sample,0106512,001179726,0.8278
test-data/data/byteweight/elf-x86/gcc_coreutils_32_O1_cp.sample,0115348,002069514,1.8014
test-data/data/byteweight/elf-x86/gcc_binutils_32_O2_size.sample,0902012,010068098,9.7768
test-data/data/byteweight/elf-x86/gcc_coreutils_32_O3_ln.sample,0066388,000859930,0.5771
test-data/data/byteweight/elf-x86/gcc_coreutils_32_O2_echo.sample,0024644,000309820,0.1970
test-data/data/byteweight/elf-x86/gcc_coreutils_32_O1_ls.sample,0108240,002028474,1.6127
test-data/data/byteweight/elf-x86/gcc_binutils_32_O0_addr2line.sample,1050544,014425762,13.0924
test-data/data/debian/buster/bash/usr_bin_clear_console.sample,0006512,000058656,0.0309
test-data/data/debian/buster/plasma-desktop/usr_lib_i386-linux-gnu_qt5_plugins_kcm_colors.so.sample,0330748,005454236,5.9560
test-data/data/byteweight/elf-x86/gcc_coreutils_32_O2_df.sample,0099976,001292948,0.9703
test-data/data/debian/buster/plasma-desktop/usr_lib_i386-linux-gnu_qt5_plugins_kcms_kcm_icons.so.sample,0106064,001462140,1.0802
test-data/data/byteweight/elf-x86/gcc_coreutils_32_O1_vdir.sample,0108240,002028452,1.5908
test-data/data/byteweight/elf-x86/gcc_coreutils_32_O0_unexpand.sample,0034320,000487754,0.2937
test-data/data/debian/buster/plasma-desktop/usr_lib_i386-linux-gnu_qt5_plugins_kcm_mouse.so.sample,0217028,003448626,3.2718
test-data/data/byteweight/pe-x86/msvs_whatever_32_O1_vim.sample,2170358,032422280,40.7507
test-data/data/byteweight/pe-x86/msvs_whatever_32_O1_readmsg.sample,0013770,000197486,0.0908
test-data/data/debian/buster/plasma-desktop/usr_lib_i386-linux-gnu_qt5_plugins_kfontviewpart.so.sample,0172460,002394944,2.1906
test-data/data/debian/buster/plasma-desktop/usr_bin_solid-action-desktop-gen.sample,0095176,001552988,1.5782
test-data/data/debian/buster/plasma-desktop/usr_lib_i386-linux-gnu_qt5_qml_org_kde_plasma_private_kimpanel_libkimpanelplugin.so.sample,0014820,000192112,0.1029
test-data/data/byteweight/elf-x86/gcc_binutils_32_O3_ranlib.sample,1029648,011814056,11.3359
test-data/data/debian/buster/plasma-desktop/usr_lib_i386-linux-gnu_qt5_plugins_kcm_componentchooser.so.sample,0133644,002335030,2.4697
test-data/data/byteweight/pe-x86/msvs_whatever_32_Od_vim.sample,4589696,056324024,73.7413
test-data/data/debian/buster/plasma-desktop/usr_lib_i386-linux-gnu_qt5_plugins_kcm_solid_actions.so.sample,0190796,003312284,2.9893
test-data/data/byteweight/elf-x86/gcc_binutils_32_O3_objdump.sample,1660336,020271550,19.6230
test-data/data/byteweight/elf-x86/gcc_coreutils_32_O1_groups.sample,0030000,000373778,0.1901
test-data/data/byteweight/elf-x86/gcc_binutils_32_O1_objcopy.sample,1049268,013709120,13.3513
test-data/data/byteweight/elf-x86/gcc_coreutils_32_O1_logname.sample,0026288,000310734,0.2066
test-data/data/byteweight/elf-x86/gcc_coreutils_32_O0_chroot.sample,0035344,000502700,0.3727
test-data/data/byteweight/elf-x86/gcc_coreutils_32_O2_rmdir.sample,0041244,000464728,0.2725
test-data/data/debian/buster/sqlite3/usr_bin_sqlite3.sample,1489252,020818054,20.3564
test-data/data/byteweight/elf-x86/gcc_coreutils_32_O2_who.sample,0049896,000595530,0.4188
test-data/data/byteweight/elf-x86/gcc_coreutils_32_O3_factor.sample,0131868,002121184,1.6688
test-data/data/debian/buster/plasma-desktop/usr_lib_i386-linux-gnu_qt5_plugins_kf5_kded_keyboard.so.sample,0425360,004892458,4.7389
test-data/data/byteweight/elf-x86/gcc_coreutils_32_O3_sha256sum.sample,0058288,002133022,2.0515
test-data/data/byteweight/elf-x86/gcc_coreutils_32_O1_who.sample,0051280,000639744,0.3751
test-data/data/byteweight/elf-x86/gcc_coreutils_32_O3_link.sample,0036560,000425622,0.1958
test-data/data/byteweight/elf-x86/gcc_coreutils_32_O3_md5sum.sample,0048784,000697326,0.3867
test-data/data/byteweight/elf-x86/gcc_binutils_32_O0_elfedit.sample,0025904,000334152,0.1510
test-data/data/byteweight/elf-x86/gcc_binutils_32_O3_sysinfo.sample,0019444,000264060,0.1139
test-data/data/byteweight/elf-x86/gcc_coreutils_32_O1_stat.sample,0075316,001051344,0.7566
test-data/data/byteweight/elf-x86/gcc_coreutils_32_O3_comm.sample,0043792,000536782,0.3417
test-data/data/debian/buster/sqlite3/usr_bin_sqldiff.sample,1280732,014480824,13.4912
test-data/data/byteweight/elf-x86/gcc_coreutils_32_O1_ptx.sample,0122700,001487090,1.2015
test-data/data/debian/buster/pulseaudio/usr_lib_pulse-12.2_modules_module-udev-detect.so.sample,0022708,000523808,0.3904
test-data/data/byteweight/elf-x86/gcc_coreutils_32_O2_chroot.sample,0034352,000392852,0.2340
test-data/data/byteweight/elf-x86/gcc_coreutils_32_O2_runcon.sample,0032820,000428896,0.2953
test-data/data/byteweight/elf-x86/gcc_coreutils_32_O1_chcon.sample,0059192,000780786,0.7088
test-data/data/byteweight/elf-x86/gcc_coreutils_32_O3_hostid.sample,0036240,000420348,0.2264
test-data/data/byteweight/elf-x86/gcc_coreutils_32_O1_sync.sample,0026128,000349934,0.1796
test-data/data/byteweight/elf-x86/gcc_coreutils_32_O0_make-prime-list.sample,0005384,000049364,0.0227
test-data/data/debian/buster/libopencv-contrib3.2/usr_lib_i386-linux-gnu_libopencv_structured_light.so.3.2.0.sample,0089057,002085652,2.0055
test-data/data/debian/buster/libopencv-contrib3.2/usr_lib_i386-linux-gnu_libopencv_fuzzy.so.3.2.0.sample,0053418,000832774,0.6909
test-data/data/debian/buster/libopencv-contrib3.2/usr_lib_i386-linux-gnu_libopencv_phase_unwrapping.so.3.2.0.sample,0032694,000631432,0.6411
test-data/data/debian/buster/libopencv-contrib3.2/usr_lib_i386-linux-gnu_libopencv_plot.so.3.2.0.sample,0038489,000629994,0.5660
test-data/data/debian/buster/libopencv-contrib3.2/usr_lib_i386-linux-gnu_libopencv_hdf.so.3.2.0.sample,0038425,000387764,0.2381
test-data/data/byteweight/pe-x86/msvs_whatever_32_Ox_vim.sample,2185968,031688628,33.9336
test-data/data/byteweight/pe-x86/msvs_whatever_32_O2_gvim.sample,2348054,035615092,44.6534
test-data/data/byteweight/elf-x86/gcc_binutils_32_O0_nm-new.sample,1062904,014600766,13.3143
test-data/data/byteweight/elf-x86/gcc_coreutils_32_O0_chcon.sample,0067416,000937798,0.7604
test-data/data/debian/buster/libopencv-contrib3.2/usr_lib_i386-linux-gnu_libopencv_xobjdetect.so.3.2.0.sample,0085665,001246314,1.0271
test-data/data/byteweight/elf-x86/gcc_findutils_32_O3_xargs.sample,0039204,000609544,0.4438
test-data/data/debian/buster/libopencv-contrib3.2/usr_lib_i386-linux-gnu_libopencv_line_descriptor.so.3.2.0.sample,0164322,003854916,4.2745
test-data/data/byteweight/elf-x86/gcc_findutils_32_O2_oldfind.sample,0160532,002848794,2.6163
test-data/data/byteweight/elf-x86/gcc_coreutils_32_O3_dd.sample,0079712,001194964,0.9835
test-data/data/byteweight/pe-x86/msvs_whatever_32_Ox_libsodium.sample,0685293,043914524,86.1214
test-data/data/byteweight/elf-x86/gcc_coreutils_32_O2_readlink.sample,0042224,000512472,0.2969
test-data/data/debian/buster/libopencv-contrib3.2/usr_lib_i386-linux-gnu_libopencv_ccalib.so.3.2.0.sample,0404799,006448234,6.0782
test-data/data/debian/buster/pulseaudio/usr_lib_pulse-12.2_modules_libprotocol-http.so.sample,0028456,000662772,0.5354
test-data/data/byteweight/pe-x86/msvs_whatever_32_O2_plink.sample,0457404,008647206,8.7551
test-data/data/debian/buster/pulseaudio/usr_lib_pulse-12.2_modules_module-rtp-recv.so.sample,0024348,000566358,0.4402
test-data/data/debian/buster/pulseaudio/usr_lib_pulse-12.2_modules_module-position-event-sounds.so.sample,0007556,000107002,0.0580
test-data/data/debian/buster/pulseaudio/usr_lib_pulse-12.2_modules_module-rescue-streams.so.sample,0011380,000159454,0.0946
test-data/data/debian/buster/pulseaudio/usr_lib_pulse-12.2_modules_module-remap-source.so.sample,0020128,000435308,0.3614
test-data/data/debian/buster/libopencv-contrib3.2/usr_lib_i386-linux-gnu_libopencv_saliency.so.3.2.0.sample,0181005,003391928,3.4429
test-data/data/debian/buster/pulseaudio/usr_lib_pulse-12.2_modules_module-pipe-sink.so.sample,0018444,000364162,0.2965
test-data/data/debian/buster/pulseaudio/usr_lib_pulse-12.2_modules_module-alsa-card.so.sample,0026864,000584858,0.4802
test-data/data/byteweight/elf-x86/gcc_findutils_32_O3_oldfind.sample,0185028,003541234,3.4061
test-data/data/debian/buster/pulseaudio/usr_lib_pulse-12.2_modules_module-x11-xsmp.so.sample,0008120,000110578,0.0580
test-data/data/debian/buster/pulseaudio/usr_lib_pulse-12.2_modules_module-simple-protocol-tcp.so.sample,0007172,000119558,0.0757
test-data/data/debian/buster/pulseaudio/usr_lib_pulse-12.2_modules_module-tunnel-sink-new.so.sample,0019304,000381036,0.2617
test-data/data/byteweight/elf-x86/gcc_coreutils_32_O2_tsort.sample,0037128,000985880,0.9241
test-data/data/debian/buster/pulseaudio/usr_lib_pulse-12.2_modules_module-alsa-sink.so.sample,0006264,000140428,0.0796
test-data/data/debian/buster/pulseaudio/usr_lib_pulse-12.2_modules_module-native-protocol-unix.so.sample,0007628,000120552,0.0601
test-data/data/debian/buster/libopencv-contrib3.2/usr_lib_i386-linux-gnu_libopencv_optflow.so.3.2.0.sample,0348360,008139852,7.8499
test-data/data/debian/buster/pulseaudio/usr_lib_pulse-12.2_modules_module-virtual-surround-sink.so.sample,0031920,000761250,0.6099
test-data/data/debian/buster/pulseaudio/usr_lib_pulse-12.2_modules_module-null-sink.so.sample,0012996,000208866,0.1249
test-data/data/debian/buster/pulseaudio/usr_lib_pulse-12.2_modules_module-echo-cancel.so.sample,0077764,002867536,3.3733
test-data/data/debian/buster/pulseaudio/usr_lib_pulse-12.2_modules_module-match.so.sample,0009688,000126734,0.0529
test-data/data/debian/buster/pulseaudio/usr_lib_pulse-12.2_modules_module-switch-on-connect.so.sample,0008244,000114144,0.0532
test-data/data/debian/buster/pulseaudio/usr_lib_pulse-12.2_modules_module-device-restore.so.sample,0035592,000907304,0.7435
test-data/data/debian/buster/libopencv-contrib3.2/usr_lib_i386-linux-gnu_libopencv_datasets.so.3.2.0.sample,0403886,006754022,6.9068
test-data/data/debian/buster/libopencv-contrib3.2/usr_lib_i386-linux-gnu_libopencv_face.so.3.2.0.sample,0142994,001824714,1.6685
test-data/data/debian/buster/libopencv-core3.2/usr_lib_i386-linux-gnu_libopencv_core.so.3.2.0.sample,2428668,043202964,56.3399
test-data/data/debian/buster/pulseaudio/usr_lib_pulse-12.2_modules_libalsa-util.so.sample,0308228,014257220,24.7312
test-data/data/debian/buster/pulseaudio/usr_lib_pulse-12.2_modules_module-x11-cork-request.so.sample,0007080,000101598,0.0526
test-data/data/debian/buster/libopencv-contrib3.2/usr_lib_i386-linux-gnu_libopencv_dpm.so.3.2.0.sample,0093456,001198522,0.9775
test-data/data/debian/buster/libopencv-contrib3.2/usr_lib_i386-linux-gnu_libopencv_rgbd.so.3.2.0.sample,0523363,007802020,7.7023
test-data/data/debian/buster/pulseaudio/usr_lib_pulse-12.2_modules_librtp.so.sample,0040800,000762906,0.6591
test-data/data/debian/buster/pulseaudio/usr_lib_pulse-12.2_modules_module-role-ducking.so.sample,0021988,000342604,0.2329
test-data/data/debian/buster/libopencv-contrib3.2/usr_lib_i386-linux-gnu_libopencv_bgsegm.so.3.2.0.sample,0045131,000552120,0.4742
test-data/data/byteweight/elf-x86/gcc_coreutils_32_O0_printenv.sample,0029744,000427464,0.3339
test-data/data/debian/buster/libopencv-contrib3.2/usr_lib_i386-linux-gnu_libopencv_xphoto.so.3.2.0.sample,0212201,002867638,2.4665
test-data/data/debian/buster/pulseaudio/usr_lib_pulse-12.2_modules_module-combine-sink.so.sample,0043676,000883636,0.8462
test-data/data/debian/buster/pulseaudio/usr_lib_pulse-12.2_modules_module-combine.so.sample,0004380,000049194,0.0219
test-data/data/debian/buster/libopencv-contrib3.2/usr_lib_i386-linux-gnu_libopencv_stereo.so.3.2.0.sample,0125015,001896790,1.7329
test-data/data/byteweight/elf-x86/gcc_coreutils_32_O1_pinky.sample,0034480,000451416,0.2708
test-data/data/byteweight/elf-x86/gcc_coreutils_32_O3_basename.sample,0037704,000464624,0.3864
test-data/data/debian/buster/pulseaudio/usr_lib_pulse-12.2_modules_module-virtual-source.so.sample,0027424,000705816,0.7077
test-data/data/byteweight/elf-x86/gcc_coreutils_32_O3_sha224sum.sample,0058288,002129192,2.2007
test-data/data/debian/buster/libxml2/usr_lib_i386-linux-gnu_libxml2.so.2.9.4.sample,1882284,039094634,53.7505
test-data/data/byteweight/elf-x86/gcc_coreutils_32_O0_who.sample,0057360,000939718,0.7965
test-data/data/debian/buster/libopencv-contrib3.2/usr_lib_i386-linux-gnu_libopencv_surface_matching.so.3.2.0.sample,0256232,003535662,3.4033
test-data/data/debian/buster/gcc-8/usr_bin_i686-linux-gnu-gcc-nm-8.sample,0028692,000276578,0.1364
test-data/data/debian/buster/findutils/usr_bin_xargs.sample,0071364,001196332,1.1005
test-data/data/debian/buster/gcc-8/usr_lib_gcc_i686-linux-gnu_8_liblto_plugin.so.0.0.0.sample,0080464,000929674,0.7613
test-data/data/debian/buster/findutils/usr_bin_find.sample,0343400,004509494,4.2986
test-data/data/byteweight/elf-x86/gcc_binutils_32_O3_addr2line.sample,0995396,011370078,10.7240
test-data/data/byteweight/elf-x86/gcc_coreutils_32_O2_seq.sample,0045804,000538504,0.2810
test-data/data/byteweight/elf-x86/gcc_coreutils_32_O3_truncate.sample,0065128,000863274,0.6794
test-data/data/debian/buster/libopencv-contrib3.2/usr_lib_i386-linux-gnu_libopencv_bioinspired.so.3.2.0.sample,0179862,008763752,12.5015
test-data/data/debian/buster/gcc-8/usr_bin_i686-linux-gnu-gcov-8.sample,0749806,008334270,8.1561
test-data/data/byteweight/elf-x86/gcc_coreutils_32_O1_dir.sample,0108240,002028488,1.8445
test-data/data/byteweight/elf-x86/gcc_coreutils_32_O3_id.sample,0044784,000564868,0.4496
test-data/data/byteweight/elf-x86/gcc_coreutils_32_O2_fmt.sample,0069828,000690634,0.5595
test-data/data/byteweight/elf-x86/gcc_coreutils_32_O3_mkfifo.sample,0039472,000511086,0.3694
test-data/data/debian/buster/libopencv-contrib3.2/usr_lib_i386-linux-gnu_libopencv_reg.so.3.2.0.sample,0126363,002538544,2.4718
test-data/data/byteweight/elf-x86/gcc_binutils_32_O2_strip-new.sample,1084984,012936978,13.2644
test-data/data/byteweight/elf-x86/gcc_coreutils_32_O0_pwd.sample,0035184,000504016,0.3464
test-data/data/byteweight/elf-x86/gcc_findutils_32_O0_find.sample,0171692,002745550,2.6408
test-data/data/byteweight/elf-x86/gcc_findutils_32_O3_code.sample,0016288,000188588,0.0926
test-data/data/debian/buster/libopencv-contrib3.2/usr_lib_i386-linux-gnu_libopencv_ximgproc.so.3.2.0.sample,2050332,027391724,27.3400
test-data/data/byteweight/elf-x86/gcc_coreutils_32_O1_sum.sample,0035984,000418318,0.3459
test-data/data/byteweight/elf-x86/gcc_coreutils_32_O1_getlimits.sample,0047592,000576440,0.4317
test-data/data/byteweight/elf-x86/gcc_coreutils_32_O3_wc.sample,0048944,000579884,0.4690
test-data/data/byteweight/elf-x86/gcc_coreutils_32_O3_cksum.sample,0039792,000454290,0.3462
test-data/data/byteweight/elf-x86/gcc_coreutils_32_O1_tsort.sample,0035088,001038804,0.9227
test-data/data/byteweight/elf-x86/gcc_coreutils_32_O2_hostid.sample,0027952,000321056,0.2035
test-data/data/byteweight/elf-x86/gcc_coreutils_32_O3_getlimits.sample,0057484,000660510,0.5473
test-data/data/debian/buster/gcc-8/usr_bin_i686-linux-gnu-gcov-dump-8.sample,0561876,006219700,5.7820
test-data/data/debian/buster/gcc-8/usr_bin_i686-linux-gnu-gcc-ranlib-8.sample,0028692,000276102,0.1399
test-data/data/debian/buster/pulseaudio/usr_lib_pulse-12.2_modules_libcli.so.sample,0006488,000075216,0.0407
test-data/data/debian/buster/pulseaudio/usr_lib_pulse-12.2_modules_module-card-restore.so.sample,0019288,000348402,0.2212
test-data/data/debian/buster/libopencv-contrib3.2/usr_lib_i386-linux-gnu_libopencv_aruco.so.3.2.0.sample,0292881,004002262,4.3218
test-data/data/debian/buster/libopencv-contrib3.2/usr_lib_i386-linux-gnu_libopencv_freetype.so.3.2.0.sample,0021474,000332284,0.2659
test-data/data/byteweight/elf-x86/gcc_coreutils_32_O2_du.sample,0111488,001404420,1.1149
test-data/data/byteweight/elf-x86/gcc_coreutils_32_O0_kill.sample,0034052,000501754,0.3912
test-data/data/debian/buster/pulseaudio/usr_lib_pulse-12.2_modules_module-tunnel-sink.so.sample,0050160,001068912,1.0997
test-data/data/debian/buster/pulseaudio/usr_lib_pulse-12.2_modules_module-native-protocol-tcp.so.sample,0007956,000139158,0.1388
test-data/data/byteweight/elf-x86/gcc_coreutils_32_O2_env.sample,0029288,000359782,0.2186
test-data/data/debian/buster/pulseaudio/usr_lib_pulse-12.2_modules_module-systemd-login.so.sample,0007712,000098780,0.0741
test-data/data/debian/buster/pulseaudio/usr_lib_pulse-12.2_modules_module-switch-on-port-available.so.sample,0012112,000150748,0.1058
test-data/data/debian/buster/pulseaudio/usr_lib_pulse-12.2_modules_module-cli-protocol-unix.so.sample,0006032,000080410,0.0644
test-data/data/debian/buster/pulseaudio/usr_lib_pulse-12.2_modules_module-always-source.so.sample,0007196,000087348,0.0585
test-data/data/byteweight/elf-x86/gcc_coreutils_32_O3_ginstall.sample,0139868,002257938,2.0441
test-data/data/byteweight/elf-x86/gcc_coreutils_32_O1_sha384sum.sample,0084048,033159224,57.4406
test-data/data/debian/buster/binutils-i686-linux-gnu/usr_bin_i686-linux-gnu-ar.sample,0060140,000805366,0.7075
test-data/data/byteweight/elf-x86/gcc_coreutils_32_O3_fmt.sample,0079016,000853776,0.6109
test-data/data/byteweight/elf-x86/gcc_coreutils_32_O0_expand.sample,0033368,000478362,0.3291
test-data/data/byteweight/elf-x86/gcc_findutils_32_O0_frcode.sample,0015744,000192248,0.0946
test-data/data/byteweight/elf-x86/gcc_coreutils_32_O0_factor.sample,0132920,001896508,1.4809
test-data/data/debian/buster/binutils-i686-linux-gnu/usr_bin_i686-linux-gnu-gprof.sample,0110616,002385124,2.4622
test-data/data/byteweight/elf-x86/gcc_coreutils_32_O3_users.sample,0038096,000449020,0.3483
test-data/data/debian/buster/binutils-i686-linux-gnu/usr_bin_i686-linux-gnu-nm.sample,0041728,000513642,0.4525
test-data/data/byteweight/elf-x86/gcc_coreutils_32_O1_nice.sample,0029044,000412956,0.4004
test-data/data/byteweight/elf-x86/gcc_coreutils_32_O1_sha512sum.sample,0084048,033159202,56.7475
test-data/data/byteweight/elf-x86/gcc_coreutils_32_O3_realpath.sample,0070484,000826024,0.6097
test-data/data/debian/buster/binutils-i686-linux-gnu/usr_bin_i686-linux-gnu-ranlib.sample,0060136,000805878,0.6283
test-data/data/debian/buster/binutils-i686-linux-gnu/usr_bin_i686-linux-gnu-elfedit.sample,0029144,000319408,0.2582
test-data/data/debian/buster/policykit-1/usr_bin_pkaction.sample,0007144,000085172,0.0457
test-data/data/debian/buster/libopencv-contrib3.2/usr_lib_i386-linux-gnu_libopencv_text.so.3.2.0.sample,1180663,031206052,28.0668
test-data/data/debian/buster/pulseaudio/usr_lib_pulse-12.2_modules_module-pipe-source.so.sample,0013800,000241432,0.1858
test-data/data/debian/buster/policykit-1/usr_bin_pkexec.sample,0017912,000340850,0.2494
test-data/data/debian/buster/pulseaudio/usr_lib_pulse-12.2_modules_module-http-protocol-unix.so.sample,0006804,000093614,0.0661
test-data/data/byteweight/elf-x86/gcc_coreutils_32_O3_pinky.sample,0045276,000567754,0.3984
test-data/data/debian/buster/binutils-i686-linux-gnu/usr_bin_i686-linux-gnu-size.sample,0026864,000286956,0.1566
test-data/data/debian/buster/binutils-i686-linux-gnu/usr_bin_i686-linux-gnu-c++filt.sample,0055128,000541664,0.3930
test-data/data/byteweight/elf-x86/gcc_coreutils_32_O3_join.sample,0055632,000723258,0.4868
test-data/data/debian/buster/policykit-1/usr_lib_i386-linux-gnu_polkit-1_extensions_libnullbackend.so.sample,0005664,000073042,0.0360
test-data/data/debian/buster/policykit-1/usr_lib_policykit-1_polkit-agent-helper-1.sample,0009656,000112042,0.0479
test-data/data/debian/buster/policykit-1/usr_lib_policykit-1_polkitd.sample,0008688,000091946,0.0471
test-data/data/debian/buster/policykit-1/usr_bin_pkttyagent.sample,0007700,000095150,0.0415
test-data/data/byteweight/elf-x86/gcc_coreutils_32_O2_groups.sample,0031920,000405082,0.3013
test-data/data/debian/buster/policykit-1/usr_bin_pkcheck.sample,0013548,000229964,0.2212
test-data/data/debian/buster/coreutils/bin_stty.sample,0072500,001598744,1.4383
test-data/data/debian/buster/coreutils/usr_bin_nproc.sample,0032968,000341206,0.1856
test-data/data/debian/buster/coreutils/usr_bin_chcon.sample,0065804,000746716,0.5515
test-data/data/debian/buster/coreutils/usr_bin_pinky.sample,0037504,000412964,0.1886
test-data/data/debian/buster/binutils-i686-linux-gnu/usr_bin_i686-linux-gnu-objcopy.sample,0189132,003415066,3.0968
test-data/data/debian/buster/binutils-i686-linux-gnu/usr_bin_i686-linux-gnu-objdump.sample,0408200,007402362,7.2078
test-data/data/debian/buster/binutils-i686-linux-gnu/usr_bin_i686-linux-gnu-strings.sample,0025300,000297634,0.1431
test-data/data/debian/buster/binutils-i686-linux-gnu/usr_bin_i686-linux-gnu-readelf.sample,0685504,012288726,12.5619
test-data/data/debian/buster/binutils-i686-linux-gnu/usr_bin_i686-linux-gnu-strip.sample,0189132,003415152,3.1856
test-data/data/debian/buster/binutils-i686-linux-gnu/usr_bin_i686-linux-gnu-addr2line.sample,0025188,000278940,0.1589
test-data/data/debian/buster/pulseaudio/usr_lib_pulse-12.2_modules_module-remap-sink.so.sample,0021336,000435718,0.3051
test-data/data/byteweight/elf-x86/gcc_binutils_32_O0_cxxfilt.sample,1080788,014810174,13.2171
test-data/data/debian/buster/openssl/usr_bin_openssl.sample,0732796,023687404,30.7787
test-data/data/debian/buster/binutils-i686-linux-gnu/usr_bin_i686-linux-gnu-as.sample,0484644,007476686,6.7019
test-data/data/debian/buster/binutils-i686-linux-gnu/usr_bin_i686-linux-gnu-ld.bfd.sample,1833924,079123840,91.7265
test-data/data/debian/jessie/wireshark/usr_bin_wireshark.sample,2621304,092761044,188.7861
test-data/data/debian/buster/pulseaudio/usr_lib_i386-linux-gnu_pulseaudio_libpulsecore-12.2.so.sample,0754100,030935640,60.7496
test-data/data/debian/buster/bash/bin_bash.sample,1331132,052532278,110.3726
test-data/data/debian/buster/transmission-gtk/usr_bin_transmission-gtk.sample,0962348,034929238,52.8730
test-data/data/debian/buster/binutils-i686-linux-gnu/usr_bin_i686-linux-gnu-ld.gold.sample,3364581,056158332,64.0360
test-data/data/debian/buster/binutils-i686-linux-gnu/usr_bin_i686-linux-gnu-dwp.sample,3114905,056885990,59.9405
test-data/data/debian/buster/gcc-8/usr_bin_i686-linux-gnu-gcc-8.sample,1097400,087287208,200.5093
test-data/data/debian/buster/gcc-8/usr_bin_i686-linux-gnu-gcov-tool-8.sample,0607120,006743480,3.4563
test-data/data/debian/buster/g++-8/usr_bin_i686-linux-gnu-g++-8.sample,1100452,087037622,173.9175
test-data/data/ubuntu/xenial/qml-module-ubuntu-components/usr_lib_i386-linux-gnu_qt5_qml_Ubuntu_Components_libUbuntuComponents.so.sample,2474968,086950514,117.7529
test-data/data/debian/buster/gcc-8/usr_lib_gcc_i686-linux-gnu_8_lto-wrapper.sample,0989796,077559622,124.0801
test-data/data/debian/buster/vim-gtk/usr_bin_vim.gtk.sample,3705428,101826208,242.4348
