sample_name,size,time
test-data/data/llvm/RelWithDebInfo/llvm-tblgen.sample,2095011,39.1270
test-data/data/byteweight/elf-x86/gcc_coreutils_32_O1_env.sample,0027472,0.1896
test-data/data/byteweight/elf-x86/gcc_coreutils_32_O3_env.sample,0037572,0.2500
test-data/data/byteweight/elf-x86/gcc_coreutils_32_O2_link.sample,0028272,0.1989
test-data/data/byteweight/elf-x86/gcc_coreutils_32_O1_id.sample,0033860,0.3282
test-data/data/byteweight/elf-x86/gcc_coreutils_32_O1_ln.sample,0053340,0.8016
test-data/data/byteweight/elf-x86/gcc_coreutils_32_O1_unexpand.sample,0031152,0.2293
test-data/data/byteweight/elf-x86/gcc_binutils_32_O3_ar.sample,1029680,9.5283
test-data/data/byteweight/elf-x86/gcc_coreutils_32_O2_mkfifo.sample,0031120,0.2165
test-data/data/byteweight/elf-x86/gcc_coreutils_32_O2_dircolors.sample,0038032,0.3455
test-data/data/byteweight/elf-x86/gcc_coreutils_32_O0_users.sample,0030832,0.2192
test-data/data/byteweight/elf-x86/gcc_coreutils_32_O3_printf.sample,0049104,0.3273
test-data/data/byteweight/elf-x86/gcc_coreutils_32_O1_mv.sample,0105852,0.8510
test-data/data/byteweight/elf-x86/gcc_coreutils_32_O3_sleep.sample,0037936,0.2698
test-data/data/byteweight/elf-x86/gcc_binutils_32_O3_readelf.sample,0415988,4.9035
test-data/data/byteweight/elf-x86/gcc_coreutils_32_O2_whoami.sample,0028272,0.1918
test-data/data/byteweight/elf-x86/gcc_coreutils_32_O3_runcon.sample,0041244,0.2861
test-data/data/byteweight/elf-x86/gcc_coreutils_32_O2_nice.sample,0031440,0.2253
test-data/data/byteweight/elf-x86/gcc_coreutils_32_O0_join.sample,0045452,0.3497
test-data/data/byteweight/elf-x86/gcc_coreutils_32_O3_kill.sample,0040720,0.2698
test-data/data/byteweight/elf-x86/gcc_coreutils_32_O3_echo.sample,0026724,0.1767
test-data/data/byteweight/elf-x86/gcc_coreutils_32_O2_sum.sample,0039632,0.2490
test-data/data/byteweight/elf-x86/gcc_coreutils_32_O0_vdir.sample,0122160,1.2672
test-data/data/byteweight/elf-x86/gcc_coreutils_32_O0_timeout.sample,0050912,0.3882
test-data/data/byteweight/elf-x86/gcc_coreutils_32_O3_[.sample,0036940,0.2675
test-data/data/byteweight/elf-x86/gcc_findutils_32_O1_locate.sample,0057884,0.4562
test-data/data/byteweight/elf-x86/gcc_coreutils_32_O0_rmdir.sample,0048816,0.4061
test-data/data/byteweight/elf-x86/gcc_coreutils_32_O2_date.sample,0062224,0.4962
test-data/data/byteweight/elf-x86/gcc_coreutils_32_O0_ptx.sample,0146668,1.2124
test-data/data/byteweight/elf-x86/gcc_coreutils_32_O2_nproc.sample,0030544,0.1983
test-data/data/byteweight/elf-x86/gcc_binutils_32_O0_ld-new.sample,1896792,34.2574
test-data/data/byteweight/elf-x86/gcc_coreutils_32_O2_fold.sample,0031824,0.2160
test-data/data/byteweight/elf-x86/gcc_coreutils_32_O0_df.sample,0107952,1.4880
test-data/data/byteweight/elf-x86/gcc_coreutils_32_O0_uniq.sample,0040752,0.3452
test-data/data/byteweight/elf-x86/gcc_coreutils_32_O3_shred.sample,0070572,0.7900
test-data/data/byteweight/elf-x86/gcc_coreutils_32_O3_uname.sample,0038032,0.2504
test-data/data/byteweight/elf-x86/gcc_binutils_32_O3_strings.sample,0995688,9.6926
test-data/data/byteweight/elf-x86/gcc_coreutils_32_O1_readlink.sample,0039632,0.2763
test-data/data/byteweight/elf-x86/gcc_coreutils_32_O2_mv.sample,0109468,1.0131
test-data/data/byteweight/elf-x86/gcc_coreutils_32_O0_chgrp.sample,0063860,0.6182
test-data/data/byteweight/elf-x86/gcc_coreutils_32_O2_tr.sample,0055184,0.5492
test-data/data/byteweight/elf-x86/gcc_coreutils_32_O2_vdir.sample,0115984,1.2636
test-data/data/byteweight/elf-x86/gcc_coreutils_32_O2_mknod.sample,0036048,0.2547
test-data/data/byteweight/elf-x86/gcc_coreutils_32_O3_dir.sample,0141168,1.8963
test-data/data/byteweight/elf-x86/gcc_coreutils_32_O3_logname.sample,0036336,0.3346
test-data/data/byteweight/elf-x86/gcc_binutils_32_O0_size.sample,1052436,11.1781
test-data/data/byteweight/elf-x86/gcc_coreutils_32_O3_vdir.sample,0141168,1.5354
test-data/data/byteweight/elf-x86/gcc_coreutils_32_O0_tee.sample,0031728,0.2333
test-data/data/byteweight/elf-x86/gcc_coreutils_32_O0_sha512sum.sample,0128496,19.8325
test-data/data/byteweight/elf-x86/gcc_coreutils_32_O0_numfmt.sample,0071760,0.7253
test-data/data/byteweight/elf-x86/gcc_coreutils_32_O1_printenv.sample,0026736,0.1850
test-data/data/byteweight/elf-x86/gcc_coreutils_32_O0_tsort.sample,0034384,0.2616
test-data/data/byteweight/elf-x86/gcc_coreutils_32_O1_users.sample,0027760,0.1921
test-data/data/byteweight/elf-x86/gcc_coreutils_32_O2_mkdir.sample,0049224,0.3045
test-data/data/byteweight/elf-x86/gcc_findutils_32_O1_oldfind.sample,0153420,1.9498
test-data/data/byteweight/elf-x86/gcc_findutils_32_O3_find.sample,0185484,2.1492
test-data/data/byteweight/elf-x86/gcc_binutils_32_O3_size.sample,0998388,8.9656
test-data/data/byteweight/elf-x86/gcc_coreutils_32_O0_fmt.sample,0071152,0.4042
test-data/data/byteweight/elf-x86/gcc_coreutils_32_O0_runcon.sample,0033720,0.2685
test-data/data/byteweight/elf-x86/gcc_coreutils_32_O2_kill.sample,0032432,0.2181
test-data/data/byteweight/elf-x86/gcc_coreutils_32_O1_realpath.sample,0058448,0.4029
test-data/data/byteweight/elf-x86/gcc_coreutils_32_O3_setuidgid.sample,0041816,0.3117
test-data/data/byteweight/elf-x86/gcc_coreutils_32_O2_ptx.sample,0127580,0.9353
test-data/data/byteweight/elf-x86/gcc_coreutils_32_O1_printf.sample,0045524,0.3226
test-data/data/byteweight/elf-x86/gcc_coreutils_32_O3_dircolors.sample,0046384,0.4486
test-data/data/byteweight/elf-x86/gcc_coreutils_32_O3_pr.sample,0078200,0.7786
test-data/data/byteweight/elf-x86/gcc_coreutils_32_O0_mkdir.sample,0056340,0.4597
test-data/data/byteweight/elf-x86/gcc_coreutils_32_O1_tty.sample,0026320,0.1733
test-data/data/byteweight/elf-x86/gcc_coreutils_32_O3_mv.sample,0122332,0.9792
test-data/data/byteweight/elf-x86/gcc_coreutils_32_O1_seq.sample,0047440,0.3263
test-data/data/byteweight/elf-x86/gcc_findutils_32_O1_xargs.sample,0037268,0.3028
test-data/data/byteweight/elf-x86/gcc_coreutils_32_O2_yes.sample,0028112,0.1740
test-data/data/byteweight/elf-x86/gcc_coreutils_32_O1_head.sample,0039760,0.2810
test-data/data/byteweight/elf-x86/gcc_findutils_32_O0_xargs.sample,0036420,0.2754
test-data/data/byteweight/elf-x86/gcc_coreutils_32_O2_chown.sample,0061476,0.4469
test-data/data/byteweight/elf-x86/gcc_coreutils_32_O1_kill.sample,0030832,0.2109
test-data/data/byteweight/elf-x86/gcc_coreutils_32_O2_true.sample,0021988,0.1444
test-data/data/byteweight/elf-x86/gcc_coreutils_32_O0_csplit.sample,0132380,1.0542
test-data/data/byteweight/elf-x86/gcc_coreutils_32_O0_groups.sample,0033700,0.2476
test-data/data/byteweight/elf-x86/gcc_coreutils_32_O1_chgrp.sample,0055316,0.3959
test-data/data/byteweight/elf-x86/gcc_coreutils_32_O1_od.sample,0065780,0.5640
test-data/data/byteweight/elf-x86/gcc_coreutils_32_O0_sum.sample,0039664,0.2861
test-data/data/byteweight/elf-x86/gcc_coreutils_32_O0_cksum.sample,0032840,0.2300
test-data/data/byteweight/elf-x86/gcc_coreutils_32_O1_pwd.sample,0031504,0.2326
test-data/data/byteweight/elf-x86/gcc_coreutils_32_O1_pathchk.sample,0028176,0.2090
test-data/data/byteweight/elf-x86/gcc_coreutils_32_O1_nohup.sample,0030032,0.2282
test-data/data/byteweight/elf-x86/gcc_binutils_32_O1_ranlib.sample,0891832,8.3726
test-data/data/byteweight/elf-x86/gcc_coreutils_32_O3_df.sample,0117336,0.9026
test-data/data/byteweight/elf-x86/gcc_coreutils_32_O1_make-prime-list.sample,0004936,0.0279
test-data/data/byteweight/elf-x86/gcc_coreutils_32_O1_wc.sample,0038736,0.2770
test-data/data/byteweight/elf-x86/gcc_coreutils_32_O0_env.sample,0030576,0.2415
test-data/data/byteweight/elf-x86/gcc_binutils_32_O2_ar.sample,0928296,8.5467
test-data/data/byteweight/elf-x86/gcc_coreutils_32_O1_tac.sample,0099660,0.6979
test-data/data/byteweight/elf-x86/gcc_coreutils_32_O2_sha256sum.sample,0049608,0.9423
test-data/data/byteweight/elf-x86/gcc_coreutils_32_O3_nproc.sample,0039408,0.2519
test-data/data/byteweight/elf-x86/gcc_coreutils_32_O0_shred.sample,0058440,0.4820
test-data/data/byteweight/elf-x86/gcc_coreutils_32_O0_nice.sample,0032400,0.2536
test-data/data/byteweight/elf-x86/gcc_coreutils_32_O2_logname.sample,0028048,0.1943
test-data/data/byteweight/elf-x86/gcc_binutils_32_O0_objdump.sample,1686864,18.4809
test-data/data/byteweight/elf-x86/gcc_coreutils_32_O0_sha1sum.sample,0046768,0.6677
test-data/data/byteweight/elf-x86/gcc_binutils_32_O3_nm-new.sample,1007444,9.4411
test-data/data/byteweight/elf-x86/gcc_coreutils_32_O3_sum.sample,0053804,0.3643
test-data/data/byteweight/elf-x86/gcc_coreutils_32_O1_chroot.sample,0032144,0.2090
test-data/data/byteweight/elf-x86/gcc_coreutils_32_O2_split.sample,0071176,0.6148
test-data/data/byteweight/elf-x86/gcc_coreutils_32_O3_nice.sample,0039632,0.5453
test-data/data/byteweight/elf-x86/gcc_binutils_32_O1_addr2line.sample,0864376,8.9172
test-data/data/byteweight/elf-x86/gcc_coreutils_32_O0_ginstall.sample,0139600,1.7861
test-data/data/byteweight/elf-x86/gcc_coreutils_32_O3_groups.sample,0040752,0.2714
test-data/data/byteweight/elf-x86/gcc_binutils_32_O2_readelf.sample,0370836,4.3361
test-data/data/byteweight/elf-x86/gcc_binutils_32_O1_strings.sample,0864840,7.9778
test-data/data/byteweight/elf-x86/gcc_coreutils_32_O3_printenv.sample,0036752,0.2425
test-data/data/byteweight/elf-x86/gcc_coreutils_32_O1_mkfifo.sample,0029304,0.1934
test-data/data/byteweight/elf-x86/gcc_binutils_32_O2_ld-new.sample,1698036,28.0428
test-data/data/byteweight/elf-x86/gcc_binutils_32_O1_ld-new.sample,1650632,29.9517
test-data/data/byteweight/elf-x86/gcc_binutils_32_O1_strip-new.sample,1049268,10.9842
test-data/data/byteweight/elf-x86/gcc_coreutils_32_O2_false.sample,0021988,0.1427
test-data/data/byteweight/elf-x86/gcc_coreutils_32_O1_link.sample,0026544,0.1750
test-data/data/byteweight/elf-x86/gcc_coreutils_32_O2_sha1sum.sample,0043120,0.3486
test-data/data/byteweight/elf-x86/gcc_coreutils_32_O3_readlink.sample,0051056,0.3404
test-data/data/byteweight/elf-x86/gcc_coreutils_32_O2_comm.sample,0034896,0.2356
test-data/data/byteweight/elf-x86/gcc_coreutils_32_O0_sort.sample,0115128,1.2153
test-data/data/byteweight/elf-x86/gcc_coreutils_32_O3_stty.sample,0074980,1.1182
test-data/data/byteweight/elf-x86/gcc_coreutils_32_O1_chown.sample,0057392,0.4378
test-data/data/byteweight/elf-x86/gcc_coreutils_32_O0_getlimits.sample,0045852,0.3110
test-data/data/byteweight/elf-x86/gcc_coreutils_32_O0_fold.sample,0033128,0.2304
test-data/data/byteweight/elf-x86/gcc_coreutils_32_O3_cut.sample,0052432,0.3740
test-data/data/byteweight/elf-x86/gcc_coreutils_32_O0_cp.sample,0119968,1.4227
test-data/data/byteweight/elf-x86/gcc_coreutils_32_O0_uname.sample,0031024,0.2242
test-data/data/byteweight/elf-x86/gcc_coreutils_32_O1_tail.sample,0062236,0.7132
test-data/data/byteweight/elf-x86/gcc_binutils_32_O3_ld-new.sample,1823316,30.2263
test-data/data/byteweight/elf-x86/gcc_coreutils_32_O0_unlink.sample,0029256,0.2076
test-data/data/byteweight/elf-x86/gcc_coreutils_32_O1_base64.sample,0033968,0.2422
test-data/data/byteweight/elf-x86/gcc_coreutils_32_O0_cat.sample,0048296,0.3858
test-data/data/byteweight/elf-x86/gcc_coreutils_32_O0_link.sample,0029448,0.2129
test-data/data/byteweight/elf-x86/gcc_coreutils_32_O1_expr.sample,0093460,0.6468
test-data/data/byteweight/elf-x86/gcc_coreutils_32_O0_realpath.sample,0060232,0.4714
test-data/data/byteweight/elf-x86/gcc_coreutils_32_O1_cut.sample,0042000,0.3441
test-data/data/byteweight/elf-x86/gcc_coreutils_32_O3_tail.sample,0082564,0.9050
test-data/data/byteweight/elf-x86/gcc_coreutils_32_O0_yes.sample,0029196,0.2173
test-data/data/byteweight/elf-x86/gcc_coreutils_32_O1_numfmt.sample,0064656,0.5583
test-data/data/byteweight/elf-x86/gcc_coreutils_32_O0_pinky.sample,0037892,0.2833
test-data/data/byteweight/elf-x86/gcc_coreutils_32_O3_timeout.sample,0061796,0.4365
test-data/data/byteweight/elf-x86/gcc_coreutils_32_O0_seq.sample,0054052,0.4744
test-data/data/byteweight/elf-x86/gcc_findutils_32_O0_oldfind.sample,0170444,2.2140
test-data/data/byteweight/elf-x86/gcc_coreutils_32_O0_truncate.sample,0050516,0.5369
test-data/data/byteweight/elf-x86/gcc_coreutils_32_O1_cat.sample,0048904,0.3811
test-data/data/byteweight/elf-x86/gcc_coreutils_32_O2_dirname.sample,0028656,0.2125
test-data/data/byteweight/elf-x86/gcc_coreutils_32_O2_wc.sample,0040624,0.2767
test-data/data/byteweight/elf-x86/gcc_coreutils_32_O3_tty.sample,0036368,0.2362
test-data/data/byteweight/elf-x86/gcc_binutils_32_O1_gprof.sample,0932436,10.5484
test-data/data/byteweight/elf-x86/gcc_findutils_32_O0_code.sample,0016448,0.0991
test-data/data/byteweight/elf-x86/gcc_coreutils_32_O1_fmt.sample,0067088,0.3403
test-data/data/byteweight/elf-x86/gcc_binutils_32_O2_as-new.sample,1463912,14.9020
test-data/data/byteweight/elf-x86/gcc_coreutils_32_O1_stdbuf.sample,0065728,0.4608
test-data/data/byteweight/elf-x86/gcc_coreutils_32_O3_chcon.sample,0073336,0.5194
test-data/data/byteweight/elf-x86/gcc_binutils_32_O1_ar.sample,0891864,8.3332
test-data/data/byteweight/elf-x86/gcc_coreutils_32_O0_tr.sample,0058656,0.4958
test-data/data/byteweight/elf-x86/gcc_coreutils_32_O1_false.sample,0020628,0.1428
test-data/data/byteweight/elf-x86/gcc_coreutils_32_O0_dir.sample,0122160,1.2631
test-data/data/byteweight/elf-x86/gcc_coreutils_32_O0_pr.sample,0066408,0.5330
test-data/data/byteweight/elf-x86/gcc_coreutils_32_O0_cut.sample,0047472,0.3582
test-data/data/byteweight/elf-x86/gcc_coreutils_32_O0_head.sample,0043952,0.3192
test-data/data/byteweight/elf-x86/gcc_coreutils_32_O2_cat.sample,0050420,0.3627
test-data/data/byteweight/elf-x86/gcc_coreutils_32_O2_csplit.sample,0111260,0.7525
test-data/data/byteweight/elf-x86/gcc_coreutils_32_O1_rmdir.sample,0042896,0.2971
test-data/data/byteweight/elf-x86/gcc_coreutils_32_O2_printenv.sample,0028464,0.1939
test-data/data/byteweight/elf-x86/gcc_coreutils_32_O2_sort.sample,0103856,0.8987
test-data/data/byteweight/elf-x86/gcc_binutils_32_O3_elfedit.sample,0025840,0.1764
test-data/data/byteweight/elf-x86/gcc_coreutils_32_O1_df.sample,0099148,0.8207
test-data/data/byteweight/elf-x86/gcc_coreutils_32_O2_id.sample,0035760,0.2513
test-data/data/byteweight/elf-x86/gcc_coreutils_32_O3_od.sample,0080112,0.7233
test-data/data/byteweight/elf-x86/gcc_coreutils_32_O0_chmod.sample,0060884,0.4799
test-data/data/byteweight/elf-x86/gcc_coreutils_32_O3_chmod.sample,0065784,0.4676
test-data/data/byteweight/elf-x86/gcc_coreutils_32_O1_factor.sample,0113032,0.9610
test-data/data/byteweight/elf-x86/gcc_coreutils_32_O2_setuidgid.sample,0032924,0.2369
test-data/data/byteweight/elf-x86/gcc_binutils_32_O0_as-new.sample,1646312,20.1911
test-data/data/byteweight/elf-x86/gcc_binutils_32_O1_size.sample,0866356,8.0380
test-data/data/byteweight/elf-x86/gcc_coreutils_32_O1_csplit.sample,0103344,0.7412
test-data/data/byteweight/elf-x86/gcc_coreutils_32_O3_tac.sample,0130008,0.9251
test-data/data/byteweight/elf-x86/gcc_coreutils_32_O1_comm.sample,0032720,0.2370
test-data/data/byteweight/elf-x86/gcc_coreutils_32_O1_runcon.sample,0031024,0.2330
test-data/data/byteweight/elf-x86/gcc_coreutils_32_O2_unexpand.sample,0033020,0.2182
test-data/data/byteweight/elf-x86/gcc_coreutils_32_O3_false.sample,0024068,0.1671
test-data/data/byteweight/elf-x86/gcc_binutils_32_O2_objdump.sample,1485232,14.0188
test-data/data/byteweight/elf-x86/gcc_coreutils_32_O2_rm.sample,0059700,0.4440
test-data/data/byteweight/elf-x86/gcc_coreutils_32_O1_test.sample,0029892,0.2240
test-data/data/byteweight/elf-x86/gcc_coreutils_32_O2_tail.sample,0066356,0.7140
test-data/data/byteweight/elf-x86/gcc_coreutils_32_O1_shuf.sample,0045156,0.3104
test-data/data/byteweight/elf-x86/gcc_binutils_32_O0_ranlib.sample,1080256,11.4084
test-data/data/byteweight/elf-x86/gcc_coreutils_32_O1_whoami.sample,0026448,0.1692
test-data/data/byteweight/elf-x86/gcc_coreutils_32_O1_join.sample,0040816,0.2989
test-data/data/byteweight/elf-x86/gcc_coreutils_32_O2_timeout.sample,0053376,0.3712
test-data/data/byteweight/elf-x86/gcc_coreutils_32_O2_nl.sample,0102324,0.6837
test-data/data/byteweight/elf-x86/gcc_coreutils_32_O0_od.sample,0073328,0.6777
test-data/data/byteweight/elf-x86/gcc_coreutils_32_O3_expand.sample,0040496,0.2657
test-data/data/byteweight/elf-x86/gcc_coreutils_32_O0_mknod.sample,0036752,0.2863
test-data/data/byteweight/elf-x86/gcc_binutils_32_O1_cxxfilt.sample,0895008,8.1540
test-data/data/byteweight/elf-x86/gcc_coreutils_32_O0_echo.sample,0025176,0.1697
test-data/data/byteweight/elf-x86/gcc_coreutils_32_O3_rmdir.sample,0051248,0.3218
test-data/data/byteweight/elf-x86/gcc_coreutils_32_O3_tr.sample,0067168,0.5893
test-data/data/byteweight/elf-x86/gcc_coreutils_32_O0_false.sample,0022660,0.1556
test-data/data/byteweight/elf-x86/gcc_findutils_32_O2_locate.sample,0060324,0.4488
test-data/data/byteweight/elf-x86/gcc_coreutils_32_O2_shuf.sample,0047924,0.3034
test-data/data/byteweight/elf-x86/gcc_coreutils_32_O0_dd.sample,0066952,0.5828
test-data/data/byteweight/elf-x86/gcc_coreutils_32_O0_rm.sample,0064532,0.5373
test-data/data/byteweight/elf-x86/gcc_binutils_32_O2_objcopy.sample,1084984,9.9610
test-data/data/byteweight/elf-x86/gcc_coreutils_32_O1_sha1sum.sample,0040848,0.3293
test-data/data/byteweight/elf-x86/gcc_coreutils_32_O0_setuidgid.sample,0034768,0.2773
test-data/data/byteweight/elf-x86/gcc_coreutils_32_O1_echo.sample,0023172,0.1691
test-data/data/byteweight/elf-x86/gcc_findutils_32_O1_frcode.sample,0014912,0.0921
test-data/data/byteweight/elf-x86/gcc_coreutils_32_O1_touch.sample,0057780,0.4384
test-data/data/byteweight/elf-x86/gcc_coreutils_32_O0_id.sample,0037496,0.3080
test-data/data/byteweight/elf-x86/gcc_coreutils_32_O3_sha384sum.sample,0101296,60.2024
test-data/data/byteweight/elf-x86/gcc_binutils_32_O2_sysinfo.sample,0017620,0.1334
test-data/data/byteweight/elf-x86/gcc_coreutils_32_O1_mkdir.sample,0050548,0.3457
test-data/data/byteweight/elf-x86/gcc_coreutils_32_O0_tac.sample,0126552,1.0078
test-data/data/byteweight/elf-x86/gcc_coreutils_32_O2_chcon.sample,0063256,0.4523
test-data/data/byteweight/elf-x86/gcc_coreutils_32_O2_unlink.sample,0028176,0.1781
test-data/data/byteweight/elf-x86/gcc_coreutils_32_O0_md5sum.sample,0043568,0.4152
test-data/data/byteweight/elf-x86/gcc_coreutils_32_O0_split.sample,0069772,0.5876
test-data/data/byteweight/elf-x86/gcc_findutils_32_O0_locate.sample,0056164,0.4131
test-data/data/byteweight/elf-x86/gcc_coreutils_32_O0_wc.sample,0042864,0.3182
test-data/data/byteweight/elf-x86/gcc_coreutils_32_O0_mktemp.sample,0043348,0.3554
test-data/data/byteweight/elf-x86/gcc_binutils_32_O0_gprof.sample,1128756,13.1569
test-data/data/byteweight/elf-x86/gcc_coreutils_32_O2_sha384sum.sample,0088560,45.6762
test-data/data/byteweight/elf-x86/gcc_coreutils_32_O0_dircolors.sample,0039920,0.3986
test-data/data/byteweight/elf-x86/gcc_binutils_32_O0_strip-new.sample,1265208,13.3158
test-data/data/byteweight/elf-x86/gcc_coreutils_32_O1_stty.sample,0065136,1.0305
test-data/data/byteweight/elf-x86/gcc_coreutils_32_O0_stty.sample,0073232,1.2424
test-data/data/byteweight/elf-x86/gcc_findutils_32_O2_find.sample,0161068,2.0874
test-data/data/byteweight/elf-x86/gcc_coreutils_32_O0_mkfifo.sample,0032400,0.2340
test-data/data/byteweight/elf-x86/gcc_coreutils_32_O0_du.sample,0111812,0.9659
test-data/data/byteweight/elf-x86/gcc_coreutils_32_O2_sha224sum.sample,0049608,0.9461
test-data/data/byteweight/elf-x86/gcc_binutils_32_O3_gprof.sample,1078356,10.9924
test-data/data/byteweight/elf-x86/gcc_coreutils_32_O1_dirname.sample,0026928,0.1816
test-data/data/byteweight/elf-x86/gcc_coreutils_32_O0_tty.sample,0029280,0.2163
test-data/data/byteweight/elf-x86/gcc_coreutils_32_O0_mv.sample,0117980,1.3611
test-data/data/byteweight/elf-x86/gcc_coreutils_32_O3_nl.sample,0130868,0.9713
test-data/data/byteweight/elf-x86/gcc_binutils_32_O2_cxxfilt.sample,0930380,7.8504
test-data/data/byteweight/elf-x86/gcc_coreutils_32_O1_nproc.sample,0028528,0.1871
test-data/data/byteweight/elf-x86/gcc_coreutils_32_O1_sha224sum.sample,0047440,0.8221
test-data/data/byteweight/elf-x86/gcc_coreutils_32_O2_truncate.sample,0054372,0.4064
test-data/data/byteweight/elf-x86/gcc_findutils_32_O1_find.sample,0153804,1.9983
test-data/data/byteweight/elf-x86/gcc_coreutils_32_O1_nl.sample,0095964,0.6779
test-data/data/byteweight/elf-x86/gcc_coreutils_32_O2_dir.sample,0115984,1.1530
test-data/data/byteweight/elf-x86/gcc_coreutils_32_O2_chmod.sample,0055892,0.3959
test-data/data/byteweight/elf-x86/gcc_coreutils_32_O2_pr.sample,0063920,0.5130
test-data/data/byteweight/elf-x86/gcc_coreutils_32_O3_shuf.sample,0057516,0.3857
test-data/data/byteweight/elf-x86/gcc_coreutils_32_O0_sha384sum.sample,0128400,19.3594
test-data/data/byteweight/elf-x86/gcc_coreutils_32_O2_join.sample,0043536,0.3291
test-data/data/byteweight/elf-x86/gcc_coreutils_32_O3_sha1sum.sample,0051312,0.4253
test-data/data/byteweight/elf-x86/gcc_coreutils_32_O2_pathchk.sample,0029872,0.2030
test-data/data/byteweight/elf-x86/gcc_coreutils_32_O3_stat.sample,0084660,0.6143
test-data/data/byteweight/elf-x86/gcc_coreutils_32_O1_[.sample,0032844,0.2343
test-data/data/byteweight/elf-x86/gcc_coreutils_32_O2_base64.sample,0036932,0.2292
test-data/data/byteweight/elf-x86/gcc_coreutils_32_O3_true.sample,0024068,0.1529
test-data/data/byteweight/elf-x86/gcc_findutils_32_O2_bigram.sample,0010752,0.0549
test-data/data/byteweight/elf-x86/gcc_coreutils_32_O3_du.sample,0131348,1.0330
test-data/data/byteweight/elf-x86/gcc_coreutils_32_O0_uptime.sample,0043152,0.2903
test-data/data/byteweight/elf-x86/gcc_coreutils_32_O3_base64.sample,0048176,0.3224
test-data/data/byteweight/elf-x86/gcc_coreutils_32_O1_sleep.sample,0027760,0.1907
test-data/data/byteweight/elf-x86/gcc_coreutils_32_O2_shred.sample,0056304,0.5118
test-data/data/byteweight/elf-x86/gcc_binutils_32_O1_nm-new.sample,0875180,8.9020
test-data/data/byteweight/elf-x86/gcc_coreutils_32_O1_setuidgid.sample,0030864,0.2267
test-data/data/byteweight/elf-x86/gcc_coreutils_32_O3_mknod.sample,0047280,0.3625
test-data/data/byteweight/elf-x86/gcc_binutils_32_O2_nm-new.sample,0911208,7.9075
test-data/data/byteweight/elf-x86/gcc_coreutils_32_O0_dirname.sample,0029808,0.2208
test-data/data/byteweight/elf-x86/gcc_coreutils_32_O2_uptime.sample,0039440,0.2691
test-data/data/byteweight/elf-x86/gcc_coreutils_32_O1_expand.sample,0030224,0.2126
test-data/data/byteweight/elf-x86/gcc_coreutils_32_O2_stdbuf.sample,0064936,0.4341
test-data/data/byteweight/elf-x86/gcc_coreutils_32_O3_tsort.sample,0048048,0.7082
test-data/data/byteweight/elf-x86/gcc_coreutils_32_O3_nohup.sample,0040272,0.2898
test-data/data/byteweight/elf-x86/gcc_coreutils_32_O2_uname.sample,0029744,0.2094
test-data/data/byteweight/elf-x86/gcc_coreutils_32_O2_factor.sample,0113384,0.9106
test-data/data/byteweight/elf-x86/gcc_coreutils_32_O0_ls.sample,0122160,1.2823
test-data/data/byteweight/elf-x86/gcc_coreutils_32_O1_truncate.sample,0051336,0.3951
test-data/data/byteweight/elf-x86/gcc_coreutils_32_O2_cut.sample,0043536,0.3117
test-data/data/byteweight/elf-x86/gcc_coreutils_32_O0_ln.sample,0060436,0.4813
test-data/data/byteweight/elf-x86/gcc_coreutils_32_O3_chown.sample,0072244,0.5488
test-data/data/byteweight/elf-x86/gcc_coreutils_32_O2_mktemp.sample,0040340,0.2949
test-data/data/byteweight/elf-x86/gcc_coreutils_32_O1_cksum.sample,0029736,0.1904
test-data/data/byteweight/elf-x86/gcc_coreutils_32_O0_comm.sample,0036496,0.2863
test-data/data/byteweight/elf-x86/gcc_coreutils_32_O0_sha256sum.sample,0054188,1.7821
test-data/data/byteweight/elf-x86/gcc_coreutils_32_O1_true.sample,0020628,0.1349
test-data/data/byteweight/elf-x86/gcc_coreutils_32_O3_uptime.sample,0047984,0.3089
test-data/data/byteweight/elf-x86/gcc_coreutils_32_O3_who.sample,0060688,0.4230
test-data/data/byteweight/elf-x86/gcc_binutils_32_O0_ar.sample,1080256,11.7483
test-data/data/byteweight/elf-x86/gcc_coreutils_32_O1_md5sum.sample,0038704,0.3167
test-data/data/byteweight/elf-x86/gcc_coreutils_32_O3_rm.sample,0070224,0.5089
test-data/data/byteweight/elf-x86/gcc_coreutils_32_O3_cat.sample,0058952,0.3983
test-data/data/byteweight/elf-x86/gcc_coreutils_32_O2_cksum.sample,0031504,0.2015
test-data/data/byteweight/elf-x86/gcc_coreutils_32_O3_dirname.sample,0036960,0.2501
test-data/data/byteweight/elf-x86/gcc_coreutils_32_O2_stat.sample,0073588,0.5312
test-data/data/byteweight/elf-x86/gcc_coreutils_32_O2_users.sample,0029640,0.1917
test-data/data/byteweight/elf-x86/gcc_coreutils_32_O0_date.sample,0069488,0.5895
test-data/data/byteweight/elf-x86/gcc_coreutils_32_O1_fold.sample,0029716,0.2005
test-data/data/byteweight/elf-x86/gcc_coreutils_32_O3_head.sample,0054080,0.4278
test-data/data/byteweight/elf-x86/gcc_coreutils_32_O1_dircolors.sample,0036368,0.8060
test-data/data/byteweight/elf-x86/gcc_coreutils_32_O3_sort.sample,0126988,1.7413
test-data/data/byteweight/elf-x86/gcc_coreutils_32_O0_tail.sample,0072656,0.8230
test-data/data/byteweight/elf-x86/gcc_coreutils_32_O3_unlink.sample,0036464,0.2882
test-data/data/byteweight/elf-x86/gcc_coreutils_32_O1_date.sample,0061040,0.7454
test-data/data/byteweight/elf-x86/gcc_coreutils_32_O2_test.sample,0031428,0.4103
test-data/data/byteweight/elf-x86/gcc_coreutils_32_O3_split.sample,0083864,0.9255
test-data/data/byteweight/elf-x86/gcc_coreutils_32_O3_ptx.sample,0155976,1.1629
test-data/data/byteweight/elf-x86/gcc_coreutils_32_O0_paste.sample,0032784,0.2531
test-data/data/byteweight/elf-x86/gcc_coreutils_32_O1_mktemp.sample,0038356,0.2876
test-data/data/byteweight/elf-x86/gcc_coreutils_32_O3_unexpand.sample,0041304,0.2812
test-data/data/byteweight/elf-x86/gcc_coreutils_32_O0_shuf.sample,0053412,0.3917
test-data/data/byteweight/elf-x86/gcc_coreutils_32_O0_printf.sample,0050608,0.4350
test-data/data/byteweight/elf-x86/gcc_coreutils_32_O2_getlimits.sample,0049064,0.3517
test-data/data/byteweight/elf-x86/gcc_coreutils_32_O1_sort.sample,0096852,0.9319
test-data/data/byteweight/elf-x86/gcc_binutils_32_O1_as-new.sample,1402472,15.6937
test-data/data/byteweight/elf-x86/gcc_coreutils_32_O0_true.sample,0022660,0.1573
test-data/data/byteweight/elf-x86/gcc_coreutils_32_O1_unlink.sample,0026384,0.1884
test-data/data/byteweight/elf-x86/gcc_coreutils_32_O3_stdbuf.sample,0077892,0.5690
test-data/data/byteweight/elf-x86/gcc_coreutils_32_O1_uname.sample,0028016,0.1936
test-data/data/byteweight/elf-x86/gcc_binutils_32_O2_gprof.sample,0971732,9.4904
test-data/data/byteweight/elf-x86/gcc_coreutils_32_O0_[.sample,0038436,0.3119
test-data/data/byteweight/elf-x86/gcc_binutils_32_O0_objcopy.sample,1265208,13.5337
test-data/data/byteweight/elf-x86/gcc_coreutils_32_O2_ginstall.sample,0126108,1.2370
test-data/data/byteweight/elf-x86/gcc_coreutils_32_O3_tee.sample,0038736,0.2564
test-data/data/byteweight/elf-x86/gcc_coreutils_32_O1_uptime.sample,0038032,0.2614
test-data/data/byteweight/elf-x86/gcc_coreutils_32_O1_du.sample,0103620,0.8768
test-data/data/byteweight/elf-x86/gcc_coreutils_32_O3_whoami.sample,0036528,0.2334
test-data/data/byteweight/elf-x86/gcc_binutils_32_O2_ranlib.sample,0928264,8.2168
test-data/data/byteweight/elf-x86/gcc_findutils_32_O0_bigram.sample,0011200,0.0598
test-data/data/byteweight/elf-x86/gcc_coreutils_32_O3_sync.sample,0036208,0.2330
test-data/data/byteweight/elf-x86/gcc_binutils_32_O3_strip-new.sample,1212184,12.0896
test-data/data/byteweight/elf-x86/gcc_coreutils_32_O3_csplit.sample,0145044,1.0884
test-data/data/byteweight/elf-x86/gcc_coreutils_32_O3_mktemp.sample,0048756,0.3524
test-data/data/byteweight/elf-x86/gcc_binutils_32_O2_elfedit.sample,0023952,0.1711
test-data/data/byteweight/elf-x86/gcc_coreutils_32_O0_nohup.sample,0033036,0.2728
test-data/data/byteweight/elf-x86/gcc_coreutils_32_O2_md5sum.sample,0040400,0.3344
test-data/data/byteweight/elf-x86/gcc_coreutils_32_O2_pwd.sample,0033396,0.2490
test-data/data/byteweight/elf-x86/gcc_coreutils_32_O3_ls.sample,0141168,1.4514
test-data/data/byteweight/elf-x86/gcc_coreutils_32_O2_cp.sample,0116948,1.3684
test-data/data/byteweight/elf-x86/gcc_coreutils_32_O2_head.sample,0042448,0.2973
test-data/data/byteweight/elf-x86/gcc_coreutils_32_O3_date.sample,0073552,0.5858
test-data/data/byteweight/elf-x86/gcc_coreutils_32_O2_tty.sample,0028080,0.1789
test-data/data/byteweight/elf-x86/gcc_coreutils_32_O1_pr.sample,0058652,0.4820
test-data/data/byteweight/elf-x86/gcc_coreutils_32_O0_base64.sample,0037892,0.2686
test-data/data/byteweight/elf-x86/gcc_coreutils_32_O1_shred.sample,0052304,0.4992
test-data/data/byteweight/elf-x86/gcc_binutils_32_O1_elfedit.sample,0023760,0.1571
test-data/data/byteweight/elf-x86/gcc_coreutils_32_O2_tac.sample,0104024,0.6857
test-data/data/byteweight/elf-x86/gcc_coreutils_32_O0_chown.sample,0065960,0.5204
test-data/data/byteweight/elf-x86/gcc_binutils_32_O2_addr2line.sample,0899892,7.8224
test-data/data/byteweight/elf-x86/gcc_coreutils_32_O2_expr.sample,0098164,0.7123
test-data/data/byteweight/elf-x86/gcc_coreutils_32_O2_expand.sample,0032144,0.2154
test-data/data/byteweight/elf-x86/gcc_coreutils_32_O1_dd.sample,0060592,0.5059
test-data/data/byteweight/elf-x86/gcc_coreutils_32_O1_mknod.sample,0033240,0.2357
test-data/data/byteweight/elf-x86/gcc_coreutils_32_O1_tr.sample,0052176,0.4712
test-data/data/byteweight/elf-x86/gcc_binutils_32_O0_readelf.sample,0419216,4.7911
test-data/data/byteweight/elf-x86/gcc_coreutils_32_O3_fold.sample,0040752,0.2511
test-data/data/byteweight/elf-x86/gcc_coreutils_32_O1_paste.sample,0029512,0.1988
test-data/data/byteweight/elf-x86/gcc_binutils_32_O1_readelf.sample,0385636,5.2287
test-data/data/byteweight/elf-x86/gcc_findutils_32_O2_xargs.sample,0037740,0.3042
test-data/data/byteweight/elf-x86/gcc_coreutils_32_O1_tee.sample,0028656,0.2129
test-data/data/byteweight/elf-x86/gcc_coreutils_32_O2_sha512sum.sample,0088560,44.2792
test-data/data/byteweight/elf-x86/gcc_coreutils_32_O1_cp.sample,0115348,1.2819
test-data/data/byteweight/elf-x86/gcc_coreutils_32_O3_ln.sample,0066388,0.4857
test-data/data/byteweight/elf-x86/gcc_coreutils_32_O2_echo.sample,0024644,0.1672
test-data/data/byteweight/elf-x86/gcc_binutils_32_O3_ranlib.sample,1029648,9.3760
test-data/data/byteweight/elf-x86/gcc_coreutils_32_O3_touch.sample,0070732,0.4642
test-data/data/byteweight/elf-x86/gcc_coreutils_32_O0_readlink.sample,0045344,0.3199
test-data/data/byteweight/elf-x86/gcc_findutils_32_O3_locate.sample,0068644,0.4921
test-data/data/byteweight/elf-x86/gcc_coreutils_32_O0_stat.sample,0086428,0.7498
test-data/data/byteweight/elf-x86/gcc_coreutils_32_O0_touch.sample,0065124,0.5015
test-data/data/byteweight/elf-x86/gcc_coreutils_32_O1_rm.sample,0055668,0.4112
test-data/data/byteweight/elf-x86/gcc_coreutils_32_O1_split.sample,0069000,0.5359
test-data/data/byteweight/elf-x86/gcc_coreutils_32_O1_uniq.sample,0037156,0.2839
test-data/data/byteweight/elf-x86/gcc_coreutils_32_O0_pathchk.sample,0031632,0.2452
test-data/data/byteweight/elf-x86/gcc_binutils_32_O3_as-new.sample,1594664,16.5599
test-data/data/byteweight/elf-x86/gcc_coreutils_32_O3_test.sample,0033464,0.2350
test-data/data/byteweight/elf-x86/gcc_coreutils_32_O2_ln.sample,0056468,0.4204
test-data/data/byteweight/elf-x86/gcc_findutils_32_O2_code.sample,0015712,0.0978
test-data/data/byteweight/elf-x86/gcc_coreutils_32_O0_sync.sample,0028928,0.2201
test-data/data/byteweight/elf-x86/gcc_binutils_32_O0_addr2line.sample,1050544,11.2329
test-data/data/byteweight/elf-x86/gcc_findutils_32_O3_bigram.sample,0011232,0.0615
test-data/data/byteweight/elf-x86/gcc_coreutils_32_O1_hostid.sample,0026160,0.1947
test-data/data/byteweight/elf-x86/gcc_findutils_32_O1_code.sample,0015488,0.0997
test-data/data/byteweight/elf-x86/gcc_coreutils_32_O3_make-prime-list.sample,0005640,0.0344
test-data/data/byteweight/elf-x86/gcc_coreutils_32_O0_basename.sample,0030736,0.2414
test-data/data/byteweight/elf-x86/gcc_coreutils_32_O2_touch.sample,0059300,0.4259
test-data/data/byteweight/elf-x86/gcc_coreutils_32_O3_pwd.sample,0041960,0.2963
test-data/data/byteweight/elf-x86/gcc_coreutils_32_O1_ginstall.sample,0127000,1.1106
test-data/data/byteweight/elf-x86/gcc_coreutils_32_O3_paste.sample,0039792,0.2648
test-data/data/byteweight/elf-x86/gcc_coreutils_32_O3_sha512sum.sample,0101296,60.2642
test-data/data/byteweight/elf-x86/gcc_coreutils_32_O3_numfmt.sample,0078676,0.7397
test-data/data/byteweight/elf-x86/gcc_coreutils_32_O2_stty.sample,0063984,0.9941
test-data/data/byteweight/elf-x86/gcc_binutils_32_O0_strings.sample,1050932,10.9348
test-data/data/byteweight/elf-x86/gcc_coreutils_32_O2_uniq.sample,0039760,0.2978
test-data/data/byteweight/elf-x86/gcc_coreutils_32_O3_mkdir.sample,0059284,0.3774
test-data/data/byteweight/elf-x86/gcc_findutils_32_O2_frcode.sample,0015168,0.0977
test-data/data/byteweight/elf-x86/gcc_coreutils_32_O2_od.sample,0065696,0.5907
test-data/data/byteweight/elf-x86/gcc_binutils_32_O3_cxxfilt.sample,1025864,9.1364
test-data/data/byteweight/elf-x86/gcc_findutils_32_O3_frcode.sample,0015648,0.0997
test-data/data/byteweight/elf-x86/gcc_coreutils_32_O0_nl.sample,0122888,0.9813
test-data/data/byteweight/elf-x86/gcc_coreutils_32_O3_yes.sample,0036432,0.2419
test-data/data/byteweight/elf-x86/gcc_coreutils_32_O2_numfmt.sample,0065296,0.5872
test-data/data/byteweight/elf-x86/gcc_binutils_32_O1_objdump.sample,1446644,14.8207
test-data/data/byteweight/elf-x86/gcc_coreutils_32_O2_realpath.sample,0060936,0.4266
test-data/data/byteweight/elf-x86/gcc_coreutils_32_O1_basename.sample,0027632,0.2105
test-data/data/byteweight/elf-x86/gcc_coreutils_32_O0_whoami.sample,0029376,0.2302
test-data/data/byteweight/elf-x86/gcc_coreutils_32_O2_sleep.sample,0029656,0.2095
test-data/data/byteweight/elf-x86/gcc_coreutils_32_O3_cp.sample,0128336,1.5631
test-data/data/byteweight/elf-x86/gcc_coreutils_32_O2_[.sample,0034468,0.2369
test-data/data/byteweight/elf-x86/gcc_binutils_32_O3_objdump.sample,1660336,16.3155
test-data/data/byteweight/elf-x86/gcc_coreutils_32_O1_groups.sample,0030000,0.2126
test-data/data/byteweight/elf-x86/gcc_coreutils_32_O1_sha384sum.sample,0084048,35.8934
test-data/data/byteweight/elf-x86/gcc_coreutils_32_O0_printenv.sample,0029744,0.2180
test-data/data/byteweight/elf-x86/gcc_binutils_32_O3_addr2line.sample,0995396,9.1616
test-data/data/byteweight/elf-x86/gcc_coreutils_32_O2_seq.sample,0045804,0.3101
test-data/data/byteweight/elf-x86/gcc_coreutils_32_O3_truncate.sample,0065128,0.4770
test-data/data/byteweight/elf-x86/gcc_coreutils_32_O1_dir.sample,0108240,1.2291
test-data/data/byteweight/elf-x86/gcc_coreutils_32_O3_id.sample,0044784,0.3152
test-data/data/byteweight/elf-x86/gcc_coreutils_32_O2_fmt.sample,0069828,0.3834
test-data/data/byteweight/elf-x86/gcc_coreutils_32_O3_mkfifo.sample,0039472,0.2786
test-data/data/byteweight/elf-x86/gcc_findutils_32_O0_find.sample,0171692,1.8446
test-data/data/byteweight/elf-x86/gcc_findutils_32_O3_code.sample,0016288,0.1001
test-data/data/byteweight/elf-x86/gcc_coreutils_32_O1_getlimits.sample,0047592,0.3605
test-data/data/byteweight/elf-x86/gcc_coreutils_32_O1_tsort.sample,0035088,0.5506
test-data/data/byteweight/elf-x86/gcc_coreutils_32_O2_hostid.sample,0027952,0.1841
test-data/data/byteweight/elf-x86/gcc_coreutils_32_O2_du.sample,0111488,0.8820
test-data/data/byteweight/elf-x86/gcc_coreutils_32_O0_kill.sample,0034052,0.2684
test-data/data/byteweight/elf-x86/gcc_coreutils_32_O2_env.sample,0029288,0.2031
test-data/data/byteweight/elf-x86/gcc_coreutils_32_O1_sum.sample,0035984,0.2544
test-data/data/byteweight/elf-x86/gcc_coreutils_32_O3_wc.sample,0048944,0.3458
test-data/data/byteweight/elf-x86/gcc_coreutils_32_O3_cksum.sample,0039792,0.2580
test-data/data/byteweight/elf-x86/gcc_coreutils_32_O3_getlimits.sample,0057484,0.4243
test-data/data/byteweight/elf-x86/gcc_coreutils_32_O3_ginstall.sample,0139868,1.4513
test-data/data/byteweight/elf-x86/gcc_coreutils_32_O3_fmt.sample,0079016,0.4752
test-data/data/byteweight/elf-x86/gcc_coreutils_32_O0_expand.sample,0033368,0.2503
test-data/data/byteweight/elf-x86/gcc_findutils_32_O0_frcode.sample,0015744,0.0989
test-data/data/byteweight/elf-x86/gcc_coreutils_32_O0_factor.sample,0132920,1.0814
test-data/data/byteweight/elf-x86/gcc_coreutils_32_O3_users.sample,0038096,0.2555
test-data/data/byteweight/elf-x86/gcc_coreutils_32_O1_nice.sample,0029044,0.2293
test-data/data/byteweight/elf-x86/gcc_coreutils_32_O3_realpath.sample,0070484,0.4855
test-data/data/byteweight/elf-x86/gcc_coreutils_32_O3_pinky.sample,0045276,0.3206
test-data/data/byteweight/elf-x86/gcc_coreutils_32_O3_join.sample,0055632,0.4016
test-data/data/byteweight/elf-x86/gcc_coreutils_32_O2_groups.sample,0031920,0.2257
test-data/data/byteweight/elf-x86/gcc_binutils_32_O0_cxxfilt.sample,1080788,11.3182
test-data/data/byteweight/elf-x86/gcc_coreutils_32_O1_chmod.sample,0052116,0.3780
test-data/data/byteweight/elf-x86/gcc_coreutils_32_O2_make-prime-list.sample,0004872,0.0268
test-data/data/byteweight/elf-x86/gcc_coreutils_32_O3_uniq.sample,0049760,0.3591
test-data/data/byteweight/elf-x86/gcc_coreutils_32_O2_sync.sample,0027920,0.1811
test-data/data/byteweight/elf-x86/gcc_coreutils_32_O0_stdbuf.sample,0067492,0.5526
test-data/data/byteweight/elf-x86/gcc_coreutils_32_O2_nohup.sample,0031984,0.2386
test-data/data/byteweight/elf-x86/gcc_coreutils_32_O1_sha256sum.sample,0047440,0.8251
test-data/data/byteweight/elf-x86/gcc_coreutils_32_O2_dd.sample,0065264,0.5644
test-data/data/byteweight/elf-x86/gcc_coreutils_32_O2_paste.sample,0031440,0.2246
test-data/data/byteweight/elf-x86/gcc_coreutils_32_O0_logname.sample,0029152,0.2183
test-data/data/byteweight/elf-x86/gcc_binutils_32_O1_sysinfo.sample,0017268,0.1319
test-data/data/byteweight/elf-x86/gcc_coreutils_32_O3_chroot.sample,0043248,0.2776
test-data/data/byteweight/elf-x86/gcc_coreutils_32_O2_tee.sample,0030448,0.2085
test-data/data/byteweight/elf-x86/gcc_coreutils_32_O0_nproc.sample,0031664,0.2359
test-data/data/byteweight/elf-x86/gcc_coreutils_32_O3_seq.sample,0055664,0.3818
test-data/data/byteweight/elf-x86/gcc_coreutils_32_O1_timeout.sample,0051720,0.3728
test-data/data/byteweight/elf-x86/gcc_coreutils_32_O0_sha224sum.sample,0054124,1.8092
test-data/data/byteweight/elf-x86/gcc_coreutils_32_O2_printf.sample,0044112,0.3048
test-data/data/byteweight/elf-x86/gcc_coreutils_32_O2_ls.sample,0115984,1.1730
test-data/data/byteweight/elf-x86/gcc_coreutils_32_O2_chgrp.sample,0059412,0.4260
test-data/data/byteweight/elf-x86/gcc_coreutils_32_O0_test.sample,0035396,0.2459
test-data/data/byteweight/elf-x86/gcc_coreutils_32_O3_pathchk.sample,0038192,0.2584
test-data/data/byteweight/elf-x86/gcc_findutils_32_O1_bigram.sample,0010336,0.0557
test-data/data/byteweight/elf-x86/gcc_binutils_32_O2_size.sample,0902012,7.8087
test-data/data/byteweight/elf-x86/gcc_coreutils_32_O1_ls.sample,0108240,1.2337
test-data/data/byteweight/elf-x86/gcc_coreutils_32_O2_df.sample,0099976,0.7809
test-data/data/byteweight/elf-x86/gcc_coreutils_32_O1_vdir.sample,0108240,1.2267
test-data/data/byteweight/elf-x86/gcc_coreutils_32_O0_unexpand.sample,0034320,0.2588
test-data/data/byteweight/elf-x86/gcc_binutils_32_O1_objcopy.sample,1049268,10.6854
test-data/data/byteweight/elf-x86/gcc_coreutils_32_O1_logname.sample,0026288,0.1906
test-data/data/byteweight/elf-x86/gcc_coreutils_32_O0_chroot.sample,0035344,0.2627
test-data/data/byteweight/elf-x86/gcc_coreutils_32_O2_rmdir.sample,0041244,0.2619
test-data/data/byteweight/elf-x86/gcc_coreutils_32_O3_factor.sample,0131868,1.2245
test-data/data/byteweight/elf-x86/gcc_coreutils_32_O1_sha512sum.sample,0084048,36.0566
test-data/data/byteweight/elf-x86/gcc_binutils_32_O2_strip-new.sample,1084984,10.0373
test-data/data/byteweight/elf-x86/gcc_coreutils_32_O0_pwd.sample,0035184,0.2621
test-data/data/byteweight/elf-x86/gcc_coreutils_32_O1_pinky.sample,0034480,0.2535
test-data/data/byteweight/elf-x86/gcc_coreutils_32_O3_basename.sample,0037704,0.2702
test-data/data/byteweight/elf-x86/gcc_coreutils_32_O3_sha224sum.sample,0058288,1.2339
test-data/data/byteweight/elf-x86/gcc_coreutils_32_O0_who.sample,0057360,0.4879
test-data/data/byteweight/elf-x86/gcc_binutils_32_O0_nm-new.sample,1062904,11.1586
test-data/data/byteweight/elf-x86/gcc_coreutils_32_O0_chcon.sample,0067416,0.5225
test-data/data/byteweight/elf-x86/gcc_findutils_32_O3_xargs.sample,0039204,0.3176
test-data/data/byteweight/elf-x86/gcc_findutils_32_O2_oldfind.sample,0160532,1.9120
test-data/data/byteweight/elf-x86/gcc_coreutils_32_O3_dd.sample,0079712,0.6731
test-data/data/byteweight/elf-x86/gcc_coreutils_32_O2_readlink.sample,0042224,0.2836
test-data/data/byteweight/elf-x86/gcc_findutils_32_O3_oldfind.sample,0185028,2.4341
test-data/data/byteweight/elf-x86/gcc_coreutils_32_O2_tsort.sample,0037128,0.5104
test-data/data/byteweight/elf-x86/gcc_coreutils_32_O2_who.sample,0049896,0.3478
test-data/data/byteweight/elf-x86/gcc_coreutils_32_O3_sha256sum.sample,0058288,1.2289
test-data/data/byteweight/elf-x86/gcc_coreutils_32_O1_who.sample,0051280,0.3584
test-data/data/byteweight/elf-x86/gcc_coreutils_32_O3_link.sample,0036560,0.2349
test-data/data/byteweight/elf-x86/gcc_coreutils_32_O3_md5sum.sample,0048784,0.3769
test-data/data/byteweight/elf-x86/gcc_binutils_32_O0_elfedit.sample,0025904,0.1910
test-data/data/byteweight/elf-x86/gcc_binutils_32_O3_sysinfo.sample,0019444,0.1450
test-data/data/byteweight/elf-x86/gcc_coreutils_32_O1_stat.sample,0075316,0.6077
test-data/data/byteweight/elf-x86/gcc_coreutils_32_O3_comm.sample,0043792,0.2973
test-data/data/byteweight/elf-x86/gcc_coreutils_32_O1_ptx.sample,0122700,0.9253
test-data/data/byteweight/elf-x86/gcc_coreutils_32_O2_chroot.sample,0034352,0.2218
test-data/data/byteweight/elf-x86/gcc_coreutils_32_O2_runcon.sample,0032820,0.2509
test-data/data/byteweight/elf-x86/gcc_coreutils_32_O1_chcon.sample,0059192,0.4419
test-data/data/byteweight/elf-x86/gcc_coreutils_32_O3_hostid.sample,0036240,0.2304
test-data/data/byteweight/elf-x86/gcc_coreutils_32_O1_sync.sample,0026128,0.1951
test-data/data/byteweight/elf-x86/gcc_coreutils_32_O0_make-prime-list.sample,0005384,0.0293
test-data/data/byteweight/elf-x86/gcc_coreutils_32_O0_hostid.sample,0029024,0.2208
test-data/data/byteweight/elf-x86/gcc_binutils_32_O3_objcopy.sample,1212184,11.8519
test-data/data/byteweight/elf-x86/gcc_coreutils_32_O2_basename.sample,0029420,0.2003
test-data/data/byteweight/elf-x86/gcc_coreutils_32_O1_yes.sample,0026320,0.1767
test-data/data/byteweight/elf-x86/gcc_binutils_32_O2_strings.sample,0900116,7.6305
test-data/data/byteweight/elf-x86/gcc_coreutils_32_O3_expr.sample,0128244,0.8970
test-data/data/byteweight/elf-x86/gcc_coreutils_32_O3_chgrp.sample,0070152,0.5013
test-data/data/byteweight/elf-x86/gcc_coreutils_32_O0_sleep.sample,0030896,0.2368
test-data/data/byteweight/elf-x86/gcc_coreutils_32_O0_expr.sample,0121524,0.9780
test-data/data/byteweight/elf-x86/gcc_binutils_32_O0_sysinfo.sample,0020308,0.1438
test-data/data/byteweight/elf-x86/gcc_coreutils_32_O2_pinky.sample,0036656,0.2437
test-data/data/byteweight/pe-x86/msvs_whatever_32_Od_readmsg.sample,0013770,0.1077
test-data/data/byteweight/pe-x86/msvs_whatever_32_O1_psftp.sample,0458058,7.3493
test-data/data/byteweight/pe-x86/msvs_whatever_32_Ox_plink.sample,0457404,6.6857
test-data/data/byteweight/pe-x86/msvs_whatever_32_O1_7z.sample,0045314,0.3502
test-data/data/byteweight/pe-x86/msvs_whatever_32_Ox_hidapi.sample,0010740,0.1091
test-data/data/byteweight/pe-x86/msvs_whatever_32_O2_vim.sample,2185456,27.8751
test-data/data/byteweight/pe-x86/msvs_whatever_32_Ox_pscp.sample,0488668,7.3970
test-data/data/byteweight/pe-x86/msvs_whatever_32_O2_readmsg.sample,0013770,0.1170
test-data/data/byteweight/pe-x86/msvs_whatever_32_O1_Client7z.sample,0054728,0.3257
test-data/data/byteweight/pe-x86/msvs_whatever_32_O1_plink.sample,0418468,6.2718
test-data/data/byteweight/pe-x86/msvs_whatever_32_Ox_puttygen.sample,0320384,3.1626
test-data/data/byteweight/pe-x86/msvs_whatever_32_Ox_putty.sample,0685054,11.9746
test-data/data/byteweight/pe-x86/msvs_whatever_32_O2_psftp.sample,0498552,7.8421
test-data/data/byteweight/pe-x86/msvs_whatever_32_Od_pageant.sample,0292642,2.7128
test-data/data/byteweight/pe-x86/msvs_whatever_32_O2_7z.sample,0049818,0.3567
test-data/data/byteweight/pe-x86/msvs_whatever_32_Od_vim.sample,4589696,45.6422
test-data/data/byteweight/pe-x86/msvs_whatever_32_Od_pbc.sample,0011058,0.2808
test-data/data/byteweight/pe-x86/msvs_whatever_32_Od_Client7z.sample,0083936,0.5337
test-data/data/byteweight/pe-x86/msvs_whatever_32_Ox_smtpsend.sample,0008282,0.0582
test-data/data/byteweight/pe-x86/msvs_whatever_32_O1_pbc.sample,0009634,0.2516
test-data/data/byteweight/pe-x86/msvs_whatever_32_Ox_7z.sample,0049818,0.4353
test-data/data/byteweight/pe-x86/msvs_whatever_32_O2_SfxSetup.sample,0082678,0.5605
test-data/data/byteweight/pe-x86/msvs_whatever_32_O2_pbc.sample,0009634,0.2557
test-data/data/byteweight/pe-x86/msvs_whatever_32_O1_hidapi.sample,0009844,0.0717
test-data/data/byteweight/pe-x86/msvs_whatever_32_Ox_psftp.sample,0498552,8.4015
test-data/data/byteweight/pe-x86/msvs_whatever_32_O2_pageant.sample,0251748,2.4073
test-data/data/byteweight/pe-x86/msvs_whatever_32_O2_pscp.sample,0488668,7.3418
test-data/data/byteweight/pe-x86/msvs_whatever_32_Od_libsodium.sample,0535820,26.2485
test-data/data/byteweight/pe-x86/msvs_whatever_32_Ox_SfxSetup.sample,0082678,0.5505
test-data/data/byteweight/pe-x86/msvs_whatever_32_O1_putty.sample,0628736,11.9833
test-data/data/byteweight/pe-x86/msvs_whatever_32_O1_smtpsend.sample,0008282,0.0602
test-data/data/byteweight/pe-x86/msvs_whatever_32_Od_psftp.sample,0595802,8.7194
test-data/data/byteweight/pe-x86/msvs_whatever_32_Od_7z.sample,0069210,0.7177
test-data/data/byteweight/pe-x86/msvs_whatever_32_Od_putty.sample,0838966,13.7141
test-data/data/byteweight/pe-x86/msvs_whatever_32_Ox_Client7z.sample,0074351,0.4363
test-data/data/byteweight/pe-x86/msvs_whatever_32_O1_pageant.sample,0236774,2.0618
test-data/data/byteweight/pe-x86/msvs_whatever_32_Od_hidapi.sample,0012804,0.1112
test-data/data/byteweight/pe-x86/msvs_whatever_32_Od_gvim.sample,4870959,48.3036
test-data/data/byteweight/pe-x86/msvs_whatever_32_O1_puttygen.sample,0301502,2.7808
test-data/data/byteweight/pe-x86/msvs_whatever_32_Od_pscp.sample,0584580,8.2699
test-data/data/byteweight/pe-x86/msvs_whatever_32_O2_puttygen.sample,0320384,3.1211
test-data/data/byteweight/pe-x86/msvs_whatever_32_Ox_libsodium.sample,0685293,56.6382
test-data/data/byteweight/pe-x86/msvs_whatever_32_O2_gvim.sample,2348054,36.7246
test-data/data/byteweight/pe-x86/msvs_whatever_32_O2_plink.sample,0457404,6.6087
test-data/data/byteweight/pe-x86/msvs_whatever_32_O2_putty.sample,0685054,11.8334
test-data/data/byteweight/pe-x86/msvs_whatever_32_Ox_puttytel.sample,0473200,7.3678
test-data/data/byteweight/pe-x86/msvs_whatever_32_O1_vim.sample,2170358,28.1093
test-data/data/byteweight/pe-x86/msvs_whatever_32_O1_readmsg.sample,0013770,0.1052
test-data/data/byteweight/pe-x86/msvs_whatever_32_O1_gvim.sample,2339110,33.3076
test-data/data/byteweight/pe-x86/msvs_whatever_32_Ox_vim.sample,2185968,27.6079
test-data/data/byteweight/pe-x86/msvs_whatever_32_O1_puttytel.sample,0440882,7.4615
test-data/data/byteweight/pe-x86/msvs_whatever_32_Od_smtpsend.sample,0008282,0.0608
test-data/data/byteweight/pe-x86/msvs_whatever_32_O1_libsodium.sample,0685293,56.2396
test-data/data/byteweight/pe-x86/msvs_whatever_32_Ox_pageant.sample,0251748,2.3414
test-data/data/byteweight/pe-x86/msvs_whatever_32_Od_puttytel.sample,0558846,9.0929
test-data/data/byteweight/pe-x86/msvs_whatever_32_O2_libsodium.sample,0685293,55.7353
test-data/data/byteweight/pe-x86/msvs_whatever_32_Od_puttygen.sample,0372902,3.7055
test-data/data/byteweight/pe-x86/msvs_whatever_32_Ox_gvim.sample,2348880,34.6275
test-data/data/byteweight/pe-x86/msvs_whatever_32_O1_SfxSetup.sample,0089620,0.6442
test-data/data/byteweight/pe-x86/msvs_whatever_32_O1_pscp.sample,0448272,6.7692
test-data/data/byteweight/pe-x86/msvs_whatever_32_O2_hidapi.sample,0010460,0.0708
test-data/data/byteweight/pe-x86/msvs_whatever_32_Ox_readmsg.sample,0013770,0.1058
test-data/data/byteweight/pe-x86/msvs_whatever_32_O2_Client7z.sample,0074351,0.4265
test-data/data/byteweight/pe-x86/msvs_whatever_32_O2_smtpsend.sample,0008282,0.0585
test-data/data/byteweight/pe-x86/msvs_whatever_32_O2_puttytel.sample,0473200,7.4191
test-data/data/byteweight/pe-x86/msvs_whatever_32_Od_plink.sample,0554548,7.4592
test-data/data/byteweight/pe-x86/msvs_whatever_32_Ox_pbc.sample,0010946,0.2808
test-data/data/debian/jessie/gdb/usr_bin_gdb.sample,5667720,799.4251
test-data/data/debian/jessie/zsh/usr_lib_i386-linux-gnu_zsh_5.0.7_zsh_mapfile.so.sample,0006344,0.0385
test-data/data/debian/jessie/zsh/usr_lib_i386-linux-gnu_zsh_5.0.7_zsh_system.so.sample,0014628,0.0896
test-data/data/debian/jessie/zsh/usr_lib_i386-linux-gnu_zsh_5.0.7_zsh_pcre.so.sample,0009624,0.0611
test-data/data/debian/jessie/zsh/usr_lib_i386-linux-gnu_zsh_5.0.7_zsh_complist.so.sample,0060588,0.3740
test-data/data/debian/jessie/zsh/usr_lib_i386-linux-gnu_zsh_5.0.7_zsh_rlimits.so.sample,0014448,0.0933
test-data/data/debian/jessie/zsh/usr_lib_i386-linux-gnu_zsh_5.0.7_zsh_parameter.so.sample,0037100,0.3410
test-data/data/debian/jessie/zsh/usr_lib_i386-linux-gnu_zsh_5.0.7_zsh_datetime.so.sample,0006500,0.0810
test-data/data/debian/jessie/zsh/usr_lib_i386-linux-gnu_zsh_5.0.7_zsh_net_socket.so.sample,0006248,0.0998
test-data/data/debian/jessie/zsh/usr_lib_i386-linux-gnu_zsh_5.0.7_zsh_sched.so.sample,0007500,0.1158
test-data/data/debian/jessie/zsh/usr_lib_i386-linux-gnu_zsh_5.0.7_zsh_cap.so.sample,0005100,0.0646
test-data/data/debian/jessie/zsh/usr_lib_i386-linux-gnu_zsh_5.0.7_zsh_zftp.so.sample,0042960,0.4057
test-data/data/debian/jessie/zsh/usr_lib_i386-linux-gnu_zsh_5.0.7_zsh_curses.so.sample,0028196,0.2250
test-data/data/debian/jessie/zsh/usr_lib_i386-linux-gnu_zsh_5.0.7_zsh_clone.so.sample,0004992,0.0249
test-data/data/debian/jessie/zsh/usr_lib_i386-linux-gnu_zsh_5.0.7_zsh_files.so.sample,0017224,0.0975
test-data/data/debian/jessie/zsh/usr_lib_i386-linux-gnu_zsh_5.0.7_zsh_zselect.so.sample,0008276,0.0827
test-data/data/debian/jessie/zsh/usr_lib_i386-linux-gnu_zsh_5.0.7_zsh_example.so.sample,0006696,0.0658
test-data/data/debian/jessie/zsh/usr_lib_i386-linux-gnu_zsh_5.0.7_zsh_newuser.so.sample,0003416,0.0260
test-data/data/debian/jessie/zsh/usr_lib_i386-linux-gnu_zsh_5.0.7_zsh_stat.so.sample,0011608,0.1464
test-data/data/debian/jessie/zsh/usr_lib_i386-linux-gnu_zsh_5.0.7_zsh_mathfunc.so.sample,0011960,0.1387
test-data/data/debian/jessie/zsh/bin_zsh5.sample,0796612,11.6798
test-data/data/debian/jessie/zsh/usr_lib_i386-linux-gnu_zsh_5.0.7_zsh_attr.so.sample,0006884,0.0399
test-data/data/debian/jessie/zsh/usr_lib_i386-linux-gnu_zsh_5.0.7_zsh_deltochar.so.sample,0004320,0.0216
test-data/data/debian/jessie/zsh/usr_lib_i386-linux-gnu_zsh_5.0.7_zsh_terminfo.so.sample,0006392,0.0358
test-data/data/debian/jessie/zsh/usr_lib_i386-linux-gnu_zsh_5.0.7_zsh_computil.so.sample,0069248,0.4685
test-data/data/debian/jessie/zsh/usr_lib_i386-linux-gnu_zsh_5.0.7_zsh_zle.so.sample,0278924,3.5141
test-data/data/debian/jessie/zsh/usr_lib_i386-linux-gnu_zsh_5.0.7_zsh_complete.so.sample,0147900,1.4632
test-data/data/debian/jessie/zsh/usr_lib_i386-linux-gnu_zsh_5.0.7_zsh_zpty.so.sample,0014388,0.0979
test-data/data/debian/jessie/zsh/usr_lib_i386-linux-gnu_zsh_5.0.7_zsh_regex.so.sample,0006332,0.0397
test-data/data/debian/jessie/zsh/usr_lib_i386-linux-gnu_zsh_5.0.7_zsh_net_tcp.so.sample,0011376,0.0871
test-data/data/debian/jessie/zsh/usr_lib_i386-linux-gnu_zsh_5.0.7_zsh_zutil.so.sample,0027456,0.1707
test-data/data/debian/jessie/zsh/usr_lib_i386-linux-gnu_zsh_5.0.7_zsh_compctl.so.sample,0063372,0.4913
test-data/data/debian/jessie/zsh/usr_lib_i386-linux-gnu_zsh_5.0.7_zsh_zprof.so.sample,0006932,0.0472
test-data/data/debian/jessie/zsh/usr_lib_i386-linux-gnu_zsh_5.0.7_zsh_zleparameter.so.sample,0004820,0.0341
test-data/data/debian/jessie/zsh/usr_lib_i386-linux-gnu_zsh_5.0.7_zsh_langinfo.so.sample,0004980,0.0290
test-data/data/debian/jessie/zsh/usr_lib_i386-linux-gnu_zsh_5.0.7_zsh_termcap.so.sample,0006724,0.0369
test-data/data/debian/jessie/wireshark/usr_bin_wireshark.sample,2621304,129.3791
test-data/data/debian/buster/php7.3-common/usr_lib_php_20180731_fileinfo.so.sample,5430384,52.0915
test-data/data/debian/buster/php7.3-common/usr_lib_php_20180731_sysvshm.so.sample,0008940,0.0522
test-data/data/debian/buster/php7.3-common/usr_lib_php_20180731_pdo.so.sample,0100760,1.6519
test-data/data/debian/buster/php7.3-common/usr_lib_php_20180731_tokenizer.so.sample,0016148,0.1417
test-data/data/debian/buster/php7.3-common/usr_lib_php_20180731_calendar.so.sample,0023228,0.1371
test-data/data/debian/buster/php7.3-common/usr_lib_php_20180731_shmop.so.sample,0007672,0.0431
test-data/data/debian/buster/php7.3-common/usr_lib_php_20180731_exif.so.sample,0064072,0.5274
test-data/data/debian/buster/php7.3-common/usr_lib_php_20180731_sysvsem.so.sample,0006628,0.0373
test-data/data/debian/buster/php7.3-common/usr_lib_php_20180731_sysvmsg.so.sample,0010432,0.0749
test-data/data/debian/buster/php7.3-common/usr_lib_php_20180731_ctype.so.sample,0007332,0.0315
test-data/data/debian/buster/php7.3-common/usr_lib_php_20180731_gettext.so.sample,0009580,0.0547
test-data/data/debian/buster/php7.3-common/usr_lib_php_20180731_phar.so.sample,0295048,6.1232
test-data/data/debian/buster/php7.3-common/usr_lib_php_20180731_ftp.so.sample,0054700,0.3408
test-data/data/debian/buster/php7.3-common/usr_lib_php_20180731_posix.so.sample,0027272,0.1631
test-data/data/debian/buster/php7.3-common/usr_lib_php_20180731_sockets.so.sample,0087568,0.8694
test-data/data/debian/buster/php7.3-common/usr_lib_php_20180731_iconv.so.sample,0037204,0.2825
test-data/data/debian/buster/libpopt0/usr_lib_i386-linux-gnu_libpopt.so.0.0.0.sample,0049512,0.3102
test-data/data/debian/buster/vim/usr_bin_vim.basic.sample,3035352,34.8783
test-data/data/debian/buster/libxcb1/usr_lib_i386-linux-gnu_libxcb.so.1.1.0.sample,0172228,9.6887
test-data/data/debian/buster/okular/usr_lib_i386-linux-gnu_qt5_plugins_okular_generators_okularGenerator_fb.so.sample,0101868,1.6350
test-data/data/debian/buster/okular/usr_lib_i386-linux-gnu_qt5_plugins_okularpart.so.sample,1803664,25.5851
test-data/data/debian/buster/okular/usr_lib_i386-linux-gnu_qt5_plugins_okular_generators_okularGenerator_comicbook.so.sample,0061172,0.6939
test-data/data/debian/buster/okular/usr_lib_i386-linux-gnu_qt5_plugins_okular_generators_okularGenerator_mobi.so.sample,0095952,1.9016
test-data/data/debian/buster/okular/usr_lib_i386-linux-gnu_qt5_plugins_okular_generators_okularGenerator_ooo.so.sample,0308108,3.6805
test-data/data/debian/buster/okular/usr_bin_okular.sample,0139660,1.2998
test-data/data/debian/buster/okular/usr_lib_i386-linux-gnu_qt5_plugins_okular_generators_okularGenerator_dvi.so.sample,0490572,7.1070
test-data/data/debian/buster/okular/usr_lib_i386-linux-gnu_qt5_plugins_okular_generators_okularGenerator_ghostview.so.sample,0058640,0.6812
test-data/data/debian/buster/okular/usr_lib_i386-linux-gnu_qt5_plugins_okular_generators_okularGenerator_kimgio.so.sample,0028576,0.3044
test-data/data/debian/buster/okular/usr_lib_i386-linux-gnu_qt5_plugins_okular_generators_okularGenerator_txt.so.sample,0027004,0.6249
test-data/data/debian/buster/okular/usr_lib_i386-linux-gnu_qt5_plugins_okular_generators_okularGenerator_plucker.so.sample,0146224,1.4542
test-data/data/debian/buster/okular/usr_lib_i386-linux-gnu_qt5_plugins_okular_generators_okularGenerator_fax.so.sample,0087580,0.5836
test-data/data/debian/buster/okular/usr_lib_i386-linux-gnu_qt5_plugins_okular_generators_okularGenerator_poppler.so.sample,0179120,4.2122
test-data/data/debian/buster/okular/usr_lib_i386-linux-gnu_qt5_plugins_okular_generators_okularGenerator_xps.so.sample,0162156,1.5551
test-data/data/debian/buster/gcc-8/usr_lib_gcc_i686-linux-gnu_8_collect2.sample,0642208,5.7122
test-data/data/debian/buster/gcc-8/usr_bin_i686-linux-gnu-gcc-8.sample,1097400,157.7907
test-data/data/debian/buster/gcc-8/usr_bin_i686-linux-gnu-gcov-tool-8.sample,0607120,5.3113
test-data/data/debian/buster/gcc-8/usr_lib_gcc_i686-linux-gnu_8_lto-wrapper.sample,0989796,146.0687
test-data/data/debian/buster/gcc-8/usr_bin_i686-linux-gnu-gcc-ranlib-8.sample,0028692,0.1870
test-data/data/debian/buster/gcc-8/usr_bin_i686-linux-gnu-gcc-nm-8.sample,0028692,0.1868
test-data/data/debian/buster/gcc-8/usr_lib_gcc_i686-linux-gnu_8_liblto_plugin.so.0.0.0.sample,0080464,0.6115
test-data/data/debian/buster/gcc-8/usr_bin_i686-linux-gnu-gcov-8.sample,0749806,6.8651
test-data/data/debian/buster/gcc-8/usr_bin_i686-linux-gnu-gcov-dump-8.sample,0561876,5.0407
test-data/data/debian/buster/gcc-8/usr_bin_i686-linux-gnu-gcc-ar-8.sample,0028740,0.1735
